interpreter,budget_k,system,reward,delta_vs_no_retrieval,ci_lower,ci_upper,p_value,p_value_floor,signed_sivr,sivr_status,ndcg_at_k,precision_at_k,recall_at_k,mrr,mean_misleading_retrieved,belief_accuracy,n_episodes
RuleBased,1,bm25,1670.731,13.509,-0.28,26.328,0.04598,0.0005,0.1625,VALID,0.2333,0.2333,0.1167,0.4435,0.6,0.4222,90
RuleBased,1,dense,1678.543,21.321,-1.896,45.07,0.07896,0.0005,0.2565,VALID,0.5556,0.5556,0.2778,0.727,0.3778,0.5,90
RuleBased,1,none,1657.222,0.0,0.0,0.0,1.0,0.0005,0.0,VALID,0.0,0.0,0.0,0.0,0.0,0.3333,90
RuleBased,1,oracle,1740.353,83.131,64.711,101.176,0.0005,0.0005,1.0,VALID,1.0,1.0,0.5,1.0,0.0,0.7333,90
RuleBased,1,random,1638.397,-18.825,-46.297,9.309,0.1934,0.0005,-0.2265,VALID,0.0333,0.0333,0.0167,0.2182,0.4222,0.3333,90
RuleBased,1,tfidf,1680.718,23.495,8.411,37.622,0.002,0.0005,0.2826,VALID,0.3222,0.3222,0.1611,0.5172,0.4778,0.4778,90
RuleBased,3,bm25,1672.113,14.891,5.348,26.025,0.0055,0.0005,0.2456,VALID,0.2735,0.1963,0.2944,0.4435,1.2778,0.4556,90
RuleBased,3,dense,1705.6,48.378,31.908,65.463,0.0005,0.0005,0.7978,VALID,0.6173,0.4481,0.6722,0.727,0.8667,0.5778,90
RuleBased,3,none,1657.222,0.0,0.0,0.0,1.0,0.0005,0.0,VALID,0.0,0.0,0.0,0.0,0.0,0.3333,90
RuleBased,3,oracle,1717.858,60.635,48.462,73.034,0.0005,0.0005,1.0,VALID,1.0,0.6667,1.0,1.0,0.6667,0.6889,90
RuleBased,3,random,1668.806,11.584,-10.737,34.545,0.30985,0.0005,0.191,VALID,0.0898,0.0778,0.1167,0.2182,1.3333,0.3556,90
RuleBased,3,tfidf,1682.984,25.762,13.739,38.648,0.001,0.0005,0.4249,VALID,0.3364,0.237,0.3556,0.5172,0.9667,0.4667,90
RuleBased,5,bm25,1672.385,15.163,5.896,25.638,0.002,0.0005,0.2907,VALID,0.3259,0.16,0.4,0.4435,1.7222,0.4333,90
RuleBased,5,dense,1703.195,45.973,29.909,62.898,0.0005,0.0005,0.8814,VALID,0.6906,0.3267,0.8167,0.727,1.3444,0.5556,90
RuleBased,5,none,1657.222,0.0,0.0,0.0,1.0,0.0005,0.0,VALID,0.0,0.0,0.0,0.0,0.0,0.3333,90
RuleBased,5,oracle,1709.382,52.16,36.305,67.36,0.0005,0.0005,1.0,VALID,1.0,0.4,1.0,1.0,2.0,0.5778,90
RuleBased,5,random,1670.513,13.291,-4.147,32.752,0.16892,0.0005,0.2548,VALID,0.1496,0.0933,0.2333,0.2182,2.0222,0.3667,90
RuleBased,5,tfidf,1681.228,24.006,12.494,37.289,0.0005,0.0005,0.4602,VALID,0.4167,0.2067,0.5167,0.5172,1.5556,0.4222,90
TFIDF_LogReg_Calibrated,1,bm25,1555.495,-101.728,-130.931,-67.606,0.0005,0.0005,-1.1794,VALID,0.2333,0.2333,0.1167,0.4435,0.6,0.4,90
TFIDF_LogReg_Calibrated,1,dense,1587.932,-69.29,-98.563,-36.527,0.001,0.0005,-0.8033,VALID,0.5556,0.5556,0.2778,0.727,0.3778,0.4333,90
TFIDF_LogReg_Calibrated,1,none,1657.222,0.0,0.0,0.0,1.0,0.0005,0.0,VALID,0.0,0.0,0.0,0.0,0.0,0.3333,90
TFIDF_LogReg_Calibrated,1,oracle,1743.478,86.256,57.276,112.813,0.0005,0.0005,1.0,VALID,1.0,1.0,0.5,1.0,0.0,0.7333,90
TFIDF_LogReg_Calibrated,1,random,1604.992,-52.23,-81.217,-21.27,0.001,0.0005,-0.6055,VALID,0.0333,0.0333,0.0167,0.2182,0.4222,0.3444,90
TFIDF_LogReg_Calibrated,1,tfidf,1568.55,-88.672,-121.038,-53.964,0.0005,0.0005,-1.028,VALID,0.3222,0.3222,0.1611,0.5172,0.4778,0.4444,90
TFIDF_LogReg_Calibrated,3,bm25,1582.959,-74.263,-98.942,-47.9,0.0005,0.0005,-1.0766,VALID,0.2735,0.1963,0.2944,0.4435,1.2778,0.4333,90
TFIDF_LogReg_Calibrated,3,dense,1655.703,-1.52,-31.079,29.178,0.92404,0.0005,-0.022,VALID,0.6173,0.4481,0.6722,0.727,0.8667,0.5889,90
TFIDF_LogReg_Calibrated,3,none,1657.222,0.0,0.0,0.0,1.0,0.0005,0.0,VALID,0.0,0.0,0.0,0.0,0.0,0.3333,90
TFIDF_LogReg_Calibrated,3,oracle,1726.204,68.981,40.169,96.064,0.0005,0.0005,1.0,VALID,1.0,0.6667,1.0,1.0,0.6667,0.7556,90
TFIDF_LogReg_Calibrated,3,random,1607.448,-49.774,-78.009,-18.811,0.001,0.0005,-0.7216,VALID,0.0898,0.0778,0.1167,0.2182,1.3333,0.3667,90
TFIDF_LogReg_Calibrated,3,tfidf,1596.089,-61.133,-88.377,-31.629,0.0005,0.0005,-0.8862,VALID,0.3364,0.237,0.3556,0.5172,0.9667,0.4556,90
TFIDF_LogReg_Calibrated,5,bm25,1608.782,-48.44,-75.299,-20.4,0.001,0.0005,-0.8599,VALID,0.3259,0.16,0.4,0.4435,1.7222,0.5,90
TFIDF_LogReg_Calibrated,5,dense,1638.349,-18.873,-45.787,9.542,0.1944,0.0005,-0.335,VALID,0.6906,0.3267,0.8167,0.727,1.3444,0.5333,90
TFIDF_LogReg_Calibrated,5,none,1657.222,0.0,0.0,0.0,1.0,0.0005,0.0,VALID,0.0,0.0,0.0,0.0,0.0,0.3333,90
TFIDF_LogReg_Calibrated,5,oracle,1713.556,56.334,28.78,83.208,0.0005,0.0005,1.0,VALID,1.0,0.4,1.0,1.0,2.0,0.5889,90
TFIDF_LogReg_Calibrated,5,random,1617.139,-40.083,-69.852,-8.512,0.01149,0.0005,-0.7115,VALID,0.1496,0.0933,0.2333,0.2182,2.0222,0.3889,90
TFIDF_LogReg_Calibrated,5,tfidf,1599.723,-57.499,-85.245,-29.23,0.001,0.0005,-1.0207,VALID,0.4167,0.2067,0.5167,0.5172,1.5556,0.5222,90
