sensor,mean_profit,ni_mean_profit,ps_mean_profit,oiv,rov,semantic_regret,aggregate_sivr
NoText_Uniform,1648.0166666666667,1635.4666666666667,1899.6833333333334,264.2166666666667,12.549999999999955,251.66666666666674,0.047498896107992
NoText_Tuned,1830.2833333333333,1635.4666666666667,1899.6833333333334,264.2166666666667,194.8166666666666,69.40000000000009,0.7373367816817004
RuleBased,1841.2080493979201,1635.4666666666667,1899.6833333333334,264.2166666666667,205.74138273125345,58.475283935413245,0.7786843476865707
TFIDF_LogReg,1700.305333070801,1635.4666666666667,1899.6833333333334,264.2166666666667,64.8386664041343,199.3780002625324,0.24539960791320617
TFIDF_LogReg_Argmax,1839.725,1635.4666666666667,1899.6833333333334,264.2166666666667,204.2583333333332,59.958333333333485,0.7730713429634763
TFIDF_LogReg_Calibrated,1724.8214930526162,1635.4666666666667,1899.6833333333334,264.2166666666667,89.35482638594954,174.86184028071716,0.3381876984266052
TFIDF_LogReg_Calibrated_Argmax,1777.8097222222223,1635.4666666666667,1899.6833333333334,264.2166666666667,142.34305555555557,121.87361111111113,0.53873609621733
TFIDF_LogReg_Calibrated_ShuffledText,1618.9564179389356,1635.4666666666667,1899.6833333333334,264.2166666666667,-16.510248727731096,280.7269153943978,-0.062487536974948944
TFIDF_LogReg_FoldEnsemble,1676.066816869702,1635.4666666666667,1899.6833333333334,264.2166666666667,40.600150203035355,223.61651646363134,0.15366233597313575
TFIDF_LogReg_Calibrated_Sigmoid,1704.435909218332,1635.4666666666667,1899.6833333333334,264.2166666666667,68.96924255166527,195.24742411500142,0.26103289933135154
