sensor,ambiguity_level,mean_profit,oiv,rov,semantic_regret,sivr,count
RuleBased,clear,1822.536537356322,226.26999999999998,156.67320402298856,69.59679597701142,0.6924170416890819,240
RuleBased,moderate,1834.534345238095,226.26999999999998,168.6710119047616,57.59898809523838,0.745441339571139,240
RuleBased,vague,1820.3033333333333,226.26999999999998,154.43999999999983,71.83000000000015,0.6825473991249386,240
TFIDF_LogReg,clear,1736.1348766069063,226.26999999999998,70.27154327357289,155.9984567264271,0.31056500319782954,240
TFIDF_LogReg,moderate,1722.2913385137656,226.26999999999998,56.42800518043214,169.84199481956784,0.2493835028082916,240
TFIDF_LogReg,vague,1709.165687706095,226.26999999999998,43.302354372761556,182.96764562723843,0.19137470443612303,240
TFIDF_LogReg_Calibrated,clear,1816.1912932286411,226.26999999999998,150.32795989530769,75.9420401046923,0.664374242698138,240
TFIDF_LogReg_Calibrated,moderate,1855.2373265152012,226.26999999999998,189.37399318186772,36.896006818132264,0.836938141078657,240
TFIDF_LogReg_Calibrated,vague,1766.289397244325,226.26999999999998,100.42606391099162,125.84393608900837,0.44383287183891645,240
