sensor,accuracy,brier_score,log_loss,ece,count
NoInfo,0.3333333333333333,0.6683333333333331,1.1012056844410973,0.01666666666666672,720
NoText_Uniform,0.3333333333333333,0.6666666666666669,1.0986122886681096,0.0,720
NoText_Tuned,0.3333333333333333,1.3333333333333333,15.350567286626967,0.0,720
RuleBased,0.8333333333333334,0.31900511589671315,1.1107202874017281,0.21738829833203696,720
TFIDF_LogReg,0.8888888888888888,0.5520437779224173,0.9324214176618063,0.49057810000310115,720
TFIDF_LogReg_Argmax,0.8888888888888888,0.2222222222222222,2.558427881104495,0.0,720
TFIDF_LogReg_Calibrated,0.8055555555555556,0.31912654565443827,0.5417696047181267,0.13423795166300673,720
TFIDF_LogReg_Calibrated_Argmax,0.8055555555555556,0.3888888888888889,4.477248791932867,0.0,720
TFIDF_LogReg_Calibrated_ShuffledText,0.4166666666666667,0.849413647015747,3.715917953894554,0.28630734007917713,720
TFIDF_LogReg_FoldEnsemble,0.8888888888888888,0.5831834819530499,0.9768553249887999,0.5094018942463309,720
TFIDF_LogReg_Calibrated_Sigmoid,0.8611111111111112,0.39210683318280054,0.699000891583436,0.40155711093727015,720
PerfectSemantic,1.0,0.0,0.0,0.0,720
