sensor,paired_mean_diff,paired_ci_low,paired_ci_high,hierarchical_mean,hierarchical_ci_low,hierarchical_ci_high
NoText_Uniform,12.54999999999998,11.567208333333328,13.500298611111088,1648.0312833333332,1622.8173611111113,1672.7367708333334
NoText_Tuned,194.81666666666663,177.19732638888888,212.54257638888882,1830.3077183333335,1746.7934027777778,1915.9696180555554
RuleBased,205.74138273125342,189.71683815681445,222.60339390051996,1841.2702365473453,1766.3073947899563,1917.2101638102079
TFIDF_LogReg,64.83866640413453,60.012607016827054,69.8696361545993,1700.2355525574148,1682.3138703513346,1717.5812187547815
TFIDF_LogReg_Argmax,204.2583333333333,186.40705555555556,222.03663888888886,1839.7879302777778,1760.8081944444446,1918.4340624999998
TFIDF_LogReg_Calibrated,89.35482638594965,77.16381288129939,101.63132228006883,1724.5591978269354,1677.347365998294,1773.6480420136634
TFIDF_LogReg_Calibrated_Argmax,142.3430555555555,124.2856736111111,160.5502083333333,1777.2129424999996,1698.8473958333332,1855.6475694444443
TFIDF_LogReg_Calibrated_ShuffledText,-16.51024872773103,-31.539189069559065,-1.859332695634242,1619.3101940217343,1557.9071832776565,1683.8958658589522
TFIDF_LogReg_FoldEnsemble,40.60015020303541,36.707305750079335,44.64267106712502,1676.1200153407115,1650.1889392910575,1700.3030272044766
TFIDF_LogReg_Calibrated_Sigmoid,68.96924255166562,60.39723409858303,77.5463819833482,1704.3167595631216,1670.8938158945855,1739.7661991117482
