sensor,regime,mean_profit,ni_mean_profit,ps_mean_profit,oiv,rov,semantic_regret,sivr
RuleBased,normal,1633.815357142857,1668.9299999999998,1799.7,130.7700000000002,-35.114642857142826,165.88464285714304,-0.2685221599536803
TFIDF_LogReg,normal,1674.1839576068446,1668.9299999999998,1799.7,130.7700000000002,5.253957606844779,125.51604239315543,0.040177086540068595
TFIDF_LogReg_Calibrated,normal,1740.2158188284386,1668.9299999999998,1799.7,130.7700000000002,71.28581882843878,59.48418117156143,0.5451236432548647
RuleBased,supplier_delay,1615.5969540229885,1516.72,1623.6,106.87999999999988,98.87695402298846,8.003045977011425,0.925121201562393
TFIDF_LogReg,supplier_delay,1605.727596139856,1516.72,1623.6,106.87999999999988,89.00759613985588,17.872403860144004,0.8327806525061375
TFIDF_LogReg_Calibrated,supplier_delay,1607.465157741237,1516.72,1623.6,106.87999999999988,90.74515774123688,16.134842258763,0.8490377782675615
RuleBased,demand_surge,2227.961904761905,1811.9399999999998,2253.1,441.1600000000001,416.02190476190503,25.138095238095048,0.9430181901394165
TFIDF_LogReg,demand_surge,1887.6803490800667,1811.9399999999998,2253.1,441.1600000000001,75.74034908006684,365.41965091993325,0.17168453413742593
TFIDF_LogReg_Calibrated,demand_surge,2090.0370404184923,1811.9399999999998,2253.1,441.1600000000001,278.0970404184925,163.06295958150758,0.6303768256834084
