sensor,regime,template_id,seed,belief_normal,belief_delay,belief_surge,most_likely,correct
NoInfo,normal,normal_clear_1,1000,0.35,0.35,0.3,normal,True
RuleBased,normal,normal_clear_1,1000,0.4,0.3,0.3,normal,True
PerfectSemantic,normal,normal_clear_1,1000,1.0,0.0,0.0,normal,True
NoInfo,normal,normal_clear_2,1000,0.35,0.35,0.3,normal,True
RuleBased,normal,normal_clear_2,1000,0.5,0.24999999999999994,0.24999999999999994,normal,True
PerfectSemantic,normal,normal_clear_2,1000,1.0,0.0,0.0,normal,True
NoInfo,normal,normal_moderate_1,1000,0.35,0.35,0.3,normal,True
RuleBased,normal,normal_moderate_1,1000,0.5714285714285715,0.4285714285714286,0.0,normal,True
PerfectSemantic,normal,normal_moderate_1,1000,1.0,0.0,0.0,normal,True
NoInfo,normal,normal_moderate_2,1000,0.35,0.35,0.3,normal,True
RuleBased,normal,normal_moderate_2,1000,0.6666666666666667,0.3333333333333333,0.0,normal,True
PerfectSemantic,normal,normal_moderate_2,1000,1.0,0.0,0.0,normal,True
NoInfo,normal,normal_vague_1,1000,0.35,0.35,0.3,normal,True
RuleBased,normal,normal_vague_1,1000,0.5714285714285715,0.0,0.4285714285714286,normal,True
PerfectSemantic,normal,normal_vague_1,1000,1.0,0.0,0.0,normal,True
NoInfo,normal,normal_vague_2,1000,0.35,0.35,0.3,normal,True
RuleBased,normal,normal_vague_2,1000,0.6666666666666667,0.0,0.3333333333333333,normal,True
PerfectSemantic,normal,normal_vague_2,1000,1.0,0.0,0.0,normal,True
NoInfo,normal,normal_clear_1,1001,0.35,0.35,0.3,normal,True
RuleBased,normal,normal_clear_1,1001,0.4,0.3,0.3,normal,True
PerfectSemantic,normal,normal_clear_1,1001,1.0,0.0,0.0,normal,True
NoInfo,normal,normal_clear_2,1001,0.35,0.35,0.3,normal,True
RuleBased,normal,normal_clear_2,1001,0.5,0.24999999999999994,0.24999999999999994,normal,True
PerfectSemantic,normal,normal_clear_2,1001,1.0,0.0,0.0,normal,True
NoInfo,normal,normal_moderate_1,1001,0.35,0.35,0.3,normal,True
RuleBased,normal,normal_moderate_1,1001,0.5714285714285715,0.4285714285714286,0.0,normal,True
PerfectSemantic,normal,normal_moderate_1,1001,1.0,0.0,0.0,normal,True
NoInfo,normal,normal_moderate_2,1001,0.35,0.35,0.3,normal,True
RuleBased,normal,normal_moderate_2,1001,0.6666666666666667,0.3333333333333333,0.0,normal,True
PerfectSemantic,normal,normal_moderate_2,1001,1.0,0.0,0.0,normal,True
NoInfo,normal,normal_vague_1,1001,0.35,0.35,0.3,normal,True
RuleBased,normal,normal_vague_1,1001,0.5714285714285715,0.0,0.4285714285714286,normal,True
PerfectSemantic,normal,normal_vague_1,1001,1.0,0.0,0.0,normal,True
NoInfo,normal,normal_vague_2,1001,0.35,0.35,0.3,normal,True
RuleBased,normal,normal_vague_2,1001,0.6666666666666667,0.0,0.3333333333333333,normal,True
PerfectSemantic,normal,normal_vague_2,1001,1.0,0.0,0.0,normal,True
NoInfo,normal,normal_clear_1,1002,0.35,0.35,0.3,normal,True
RuleBased,normal,normal_clear_1,1002,0.4,0.3,0.3,normal,True
PerfectSemantic,normal,normal_clear_1,1002,1.0,0.0,0.0,normal,True
NoInfo,normal,normal_clear_2,1002,0.35,0.35,0.3,normal,True
RuleBased,normal,normal_clear_2,1002,0.5,0.24999999999999994,0.24999999999999994,normal,True
PerfectSemantic,normal,normal_clear_2,1002,1.0,0.0,0.0,normal,True
NoInfo,normal,normal_moderate_1,1002,0.35,0.35,0.3,normal,True
RuleBased,normal,normal_moderate_1,1002,0.5714285714285715,0.4285714285714286,0.0,normal,True
PerfectSemantic,normal,normal_moderate_1,1002,1.0,0.0,0.0,normal,True
NoInfo,normal,normal_moderate_2,1002,0.35,0.35,0.3,normal,True
RuleBased,normal,normal_moderate_2,1002,0.6666666666666667,0.3333333333333333,0.0,normal,True
PerfectSemantic,normal,normal_moderate_2,1002,1.0,0.0,0.0,normal,True
NoInfo,normal,normal_vague_1,1002,0.35,0.35,0.3,normal,True
RuleBased,normal,normal_vague_1,1002,0.5714285714285715,0.0,0.4285714285714286,normal,True
PerfectSemantic,normal,normal_vague_1,1002,1.0,0.0,0.0,normal,True
NoInfo,normal,normal_vague_2,1002,0.35,0.35,0.3,normal,True
RuleBased,normal,normal_vague_2,1002,0.6666666666666667,0.0,0.3333333333333333,normal,True
PerfectSemantic,normal,normal_vague_2,1002,1.0,0.0,0.0,normal,True
NoInfo,normal,normal_clear_1,1003,0.35,0.35,0.3,normal,True
RuleBased,normal,normal_clear_1,1003,0.4,0.3,0.3,normal,True
PerfectSemantic,normal,normal_clear_1,1003,1.0,0.0,0.0,normal,True
NoInfo,normal,normal_clear_2,1003,0.35,0.35,0.3,normal,True
RuleBased,normal,normal_clear_2,1003,0.5,0.24999999999999994,0.24999999999999994,normal,True
PerfectSemantic,normal,normal_clear_2,1003,1.0,0.0,0.0,normal,True
NoInfo,normal,normal_moderate_1,1003,0.35,0.35,0.3,normal,True
RuleBased,normal,normal_moderate_1,1003,0.5714285714285715,0.4285714285714286,0.0,normal,True
PerfectSemantic,normal,normal_moderate_1,1003,1.0,0.0,0.0,normal,True
NoInfo,normal,normal_moderate_2,1003,0.35,0.35,0.3,normal,True
RuleBased,normal,normal_moderate_2,1003,0.6666666666666667,0.3333333333333333,0.0,normal,True
PerfectSemantic,normal,normal_moderate_2,1003,1.0,0.0,0.0,normal,True
NoInfo,normal,normal_vague_1,1003,0.35,0.35,0.3,normal,True
RuleBased,normal,normal_vague_1,1003,0.5714285714285715,0.0,0.4285714285714286,normal,True
PerfectSemantic,normal,normal_vague_1,1003,1.0,0.0,0.0,normal,True
NoInfo,normal,normal_vague_2,1003,0.35,0.35,0.3,normal,True
RuleBased,normal,normal_vague_2,1003,0.6666666666666667,0.0,0.3333333333333333,normal,True
PerfectSemantic,normal,normal_vague_2,1003,1.0,0.0,0.0,normal,True
NoInfo,normal,normal_clear_1,1004,0.35,0.35,0.3,normal,True
RuleBased,normal,normal_clear_1,1004,0.4,0.3,0.3,normal,True
PerfectSemantic,normal,normal_clear_1,1004,1.0,0.0,0.0,normal,True
NoInfo,normal,normal_clear_2,1004,0.35,0.35,0.3,normal,True
RuleBased,normal,normal_clear_2,1004,0.5,0.24999999999999994,0.24999999999999994,normal,True
PerfectSemantic,normal,normal_clear_2,1004,1.0,0.0,0.0,normal,True
NoInfo,normal,normal_moderate_1,1004,0.35,0.35,0.3,normal,True
RuleBased,normal,normal_moderate_1,1004,0.5714285714285715,0.4285714285714286,0.0,normal,True
PerfectSemantic,normal,normal_moderate_1,1004,1.0,0.0,0.0,normal,True
NoInfo,normal,normal_moderate_2,1004,0.35,0.35,0.3,normal,True
RuleBased,normal,normal_moderate_2,1004,0.6666666666666667,0.3333333333333333,0.0,normal,True
PerfectSemantic,normal,normal_moderate_2,1004,1.0,0.0,0.0,normal,True
NoInfo,normal,normal_vague_1,1004,0.35,0.35,0.3,normal,True
RuleBased,normal,normal_vague_1,1004,0.5714285714285715,0.0,0.4285714285714286,normal,True
PerfectSemantic,normal,normal_vague_1,1004,1.0,0.0,0.0,normal,True
NoInfo,normal,normal_vague_2,1004,0.35,0.35,0.3,normal,True
RuleBased,normal,normal_vague_2,1004,0.6666666666666667,0.0,0.3333333333333333,normal,True
PerfectSemantic,normal,normal_vague_2,1004,1.0,0.0,0.0,normal,True
NoInfo,normal,normal_clear_1,1005,0.35,0.35,0.3,normal,True
RuleBased,normal,normal_clear_1,1005,0.4,0.3,0.3,normal,True
PerfectSemantic,normal,normal_clear_1,1005,1.0,0.0,0.0,normal,True
NoInfo,normal,normal_clear_2,1005,0.35,0.35,0.3,normal,True
RuleBased,normal,normal_clear_2,1005,0.5,0.24999999999999994,0.24999999999999994,normal,True
PerfectSemantic,normal,normal_clear_2,1005,1.0,0.0,0.0,normal,True
NoInfo,normal,normal_moderate_1,1005,0.35,0.35,0.3,normal,True
RuleBased,normal,normal_moderate_1,1005,0.5714285714285715,0.4285714285714286,0.0,normal,True
PerfectSemantic,normal,normal_moderate_1,1005,1.0,0.0,0.0,normal,True
NoInfo,normal,normal_moderate_2,1005,0.35,0.35,0.3,normal,True
RuleBased,normal,normal_moderate_2,1005,0.6666666666666667,0.3333333333333333,0.0,normal,True
PerfectSemantic,normal,normal_moderate_2,1005,1.0,0.0,0.0,normal,True
NoInfo,normal,normal_vague_1,1005,0.35,0.35,0.3,normal,True
RuleBased,normal,normal_vague_1,1005,0.5714285714285715,0.0,0.4285714285714286,normal,True
PerfectSemantic,normal,normal_vague_1,1005,1.0,0.0,0.0,normal,True
NoInfo,normal,normal_vague_2,1005,0.35,0.35,0.3,normal,True
RuleBased,normal,normal_vague_2,1005,0.6666666666666667,0.0,0.3333333333333333,normal,True
PerfectSemantic,normal,normal_vague_2,1005,1.0,0.0,0.0,normal,True
NoInfo,normal,normal_clear_1,1006,0.35,0.35,0.3,normal,True
RuleBased,normal,normal_clear_1,1006,0.4,0.3,0.3,normal,True
PerfectSemantic,normal,normal_clear_1,1006,1.0,0.0,0.0,normal,True
NoInfo,normal,normal_clear_2,1006,0.35,0.35,0.3,normal,True
RuleBased,normal,normal_clear_2,1006,0.5,0.24999999999999994,0.24999999999999994,normal,True
PerfectSemantic,normal,normal_clear_2,1006,1.0,0.0,0.0,normal,True
NoInfo,normal,normal_moderate_1,1006,0.35,0.35,0.3,normal,True
RuleBased,normal,normal_moderate_1,1006,0.5714285714285715,0.4285714285714286,0.0,normal,True
PerfectSemantic,normal,normal_moderate_1,1006,1.0,0.0,0.0,normal,True
NoInfo,normal,normal_moderate_2,1006,0.35,0.35,0.3,normal,True
RuleBased,normal,normal_moderate_2,1006,0.6666666666666667,0.3333333333333333,0.0,normal,True
PerfectSemantic,normal,normal_moderate_2,1006,1.0,0.0,0.0,normal,True
NoInfo,normal,normal_vague_1,1006,0.35,0.35,0.3,normal,True
RuleBased,normal,normal_vague_1,1006,0.5714285714285715,0.0,0.4285714285714286,normal,True
PerfectSemantic,normal,normal_vague_1,1006,1.0,0.0,0.0,normal,True
NoInfo,normal,normal_vague_2,1006,0.35,0.35,0.3,normal,True
RuleBased,normal,normal_vague_2,1006,0.6666666666666667,0.0,0.3333333333333333,normal,True
PerfectSemantic,normal,normal_vague_2,1006,1.0,0.0,0.0,normal,True
NoInfo,normal,normal_clear_1,1007,0.35,0.35,0.3,normal,True
RuleBased,normal,normal_clear_1,1007,0.4,0.3,0.3,normal,True
PerfectSemantic,normal,normal_clear_1,1007,1.0,0.0,0.0,normal,True
NoInfo,normal,normal_clear_2,1007,0.35,0.35,0.3,normal,True
RuleBased,normal,normal_clear_2,1007,0.5,0.24999999999999994,0.24999999999999994,normal,True
PerfectSemantic,normal,normal_clear_2,1007,1.0,0.0,0.0,normal,True
NoInfo,normal,normal_moderate_1,1007,0.35,0.35,0.3,normal,True
RuleBased,normal,normal_moderate_1,1007,0.5714285714285715,0.4285714285714286,0.0,normal,True
PerfectSemantic,normal,normal_moderate_1,1007,1.0,0.0,0.0,normal,True
NoInfo,normal,normal_moderate_2,1007,0.35,0.35,0.3,normal,True
RuleBased,normal,normal_moderate_2,1007,0.6666666666666667,0.3333333333333333,0.0,normal,True
PerfectSemantic,normal,normal_moderate_2,1007,1.0,0.0,0.0,normal,True
NoInfo,normal,normal_vague_1,1007,0.35,0.35,0.3,normal,True
RuleBased,normal,normal_vague_1,1007,0.5714285714285715,0.0,0.4285714285714286,normal,True
PerfectSemantic,normal,normal_vague_1,1007,1.0,0.0,0.0,normal,True
NoInfo,normal,normal_vague_2,1007,0.35,0.35,0.3,normal,True
RuleBased,normal,normal_vague_2,1007,0.6666666666666667,0.0,0.3333333333333333,normal,True
PerfectSemantic,normal,normal_vague_2,1007,1.0,0.0,0.0,normal,True
NoInfo,normal,normal_clear_1,1008,0.35,0.35,0.3,normal,True
RuleBased,normal,normal_clear_1,1008,0.4,0.3,0.3,normal,True
PerfectSemantic,normal,normal_clear_1,1008,1.0,0.0,0.0,normal,True
NoInfo,normal,normal_clear_2,1008,0.35,0.35,0.3,normal,True
RuleBased,normal,normal_clear_2,1008,0.5,0.24999999999999994,0.24999999999999994,normal,True
PerfectSemantic,normal,normal_clear_2,1008,1.0,0.0,0.0,normal,True
NoInfo,normal,normal_moderate_1,1008,0.35,0.35,0.3,normal,True
RuleBased,normal,normal_moderate_1,1008,0.5714285714285715,0.4285714285714286,0.0,normal,True
PerfectSemantic,normal,normal_moderate_1,1008,1.0,0.0,0.0,normal,True
NoInfo,normal,normal_moderate_2,1008,0.35,0.35,0.3,normal,True
RuleBased,normal,normal_moderate_2,1008,0.6666666666666667,0.3333333333333333,0.0,normal,True
PerfectSemantic,normal,normal_moderate_2,1008,1.0,0.0,0.0,normal,True
NoInfo,normal,normal_vague_1,1008,0.35,0.35,0.3,normal,True
RuleBased,normal,normal_vague_1,1008,0.5714285714285715,0.0,0.4285714285714286,normal,True
PerfectSemantic,normal,normal_vague_1,1008,1.0,0.0,0.0,normal,True
NoInfo,normal,normal_vague_2,1008,0.35,0.35,0.3,normal,True
RuleBased,normal,normal_vague_2,1008,0.6666666666666667,0.0,0.3333333333333333,normal,True
PerfectSemantic,normal,normal_vague_2,1008,1.0,0.0,0.0,normal,True
NoInfo,normal,normal_clear_1,1009,0.35,0.35,0.3,normal,True
RuleBased,normal,normal_clear_1,1009,0.4,0.3,0.3,normal,True
PerfectSemantic,normal,normal_clear_1,1009,1.0,0.0,0.0,normal,True
NoInfo,normal,normal_clear_2,1009,0.35,0.35,0.3,normal,True
RuleBased,normal,normal_clear_2,1009,0.5,0.24999999999999994,0.24999999999999994,normal,True
PerfectSemantic,normal,normal_clear_2,1009,1.0,0.0,0.0,normal,True
NoInfo,normal,normal_moderate_1,1009,0.35,0.35,0.3,normal,True
RuleBased,normal,normal_moderate_1,1009,0.5714285714285715,0.4285714285714286,0.0,normal,True
PerfectSemantic,normal,normal_moderate_1,1009,1.0,0.0,0.0,normal,True
NoInfo,normal,normal_moderate_2,1009,0.35,0.35,0.3,normal,True
RuleBased,normal,normal_moderate_2,1009,0.6666666666666667,0.3333333333333333,0.0,normal,True
PerfectSemantic,normal,normal_moderate_2,1009,1.0,0.0,0.0,normal,True
NoInfo,normal,normal_vague_1,1009,0.35,0.35,0.3,normal,True
RuleBased,normal,normal_vague_1,1009,0.5714285714285715,0.0,0.4285714285714286,normal,True
PerfectSemantic,normal,normal_vague_1,1009,1.0,0.0,0.0,normal,True
NoInfo,normal,normal_vague_2,1009,0.35,0.35,0.3,normal,True
RuleBased,normal,normal_vague_2,1009,0.6666666666666667,0.0,0.3333333333333333,normal,True
PerfectSemantic,normal,normal_vague_2,1009,1.0,0.0,0.0,normal,True
NoInfo,normal,normal_clear_1,1010,0.35,0.35,0.3,normal,True
RuleBased,normal,normal_clear_1,1010,0.4,0.3,0.3,normal,True
PerfectSemantic,normal,normal_clear_1,1010,1.0,0.0,0.0,normal,True
NoInfo,normal,normal_clear_2,1010,0.35,0.35,0.3,normal,True
RuleBased,normal,normal_clear_2,1010,0.5,0.24999999999999994,0.24999999999999994,normal,True
PerfectSemantic,normal,normal_clear_2,1010,1.0,0.0,0.0,normal,True
NoInfo,normal,normal_moderate_1,1010,0.35,0.35,0.3,normal,True
RuleBased,normal,normal_moderate_1,1010,0.5714285714285715,0.4285714285714286,0.0,normal,True
PerfectSemantic,normal,normal_moderate_1,1010,1.0,0.0,0.0,normal,True
NoInfo,normal,normal_moderate_2,1010,0.35,0.35,0.3,normal,True
RuleBased,normal,normal_moderate_2,1010,0.6666666666666667,0.3333333333333333,0.0,normal,True
PerfectSemantic,normal,normal_moderate_2,1010,1.0,0.0,0.0,normal,True
NoInfo,normal,normal_vague_1,1010,0.35,0.35,0.3,normal,True
RuleBased,normal,normal_vague_1,1010,0.5714285714285715,0.0,0.4285714285714286,normal,True
PerfectSemantic,normal,normal_vague_1,1010,1.0,0.0,0.0,normal,True
NoInfo,normal,normal_vague_2,1010,0.35,0.35,0.3,normal,True
RuleBased,normal,normal_vague_2,1010,0.6666666666666667,0.0,0.3333333333333333,normal,True
PerfectSemantic,normal,normal_vague_2,1010,1.0,0.0,0.0,normal,True
NoInfo,normal,normal_clear_1,1011,0.35,0.35,0.3,normal,True
RuleBased,normal,normal_clear_1,1011,0.4,0.3,0.3,normal,True
PerfectSemantic,normal,normal_clear_1,1011,1.0,0.0,0.0,normal,True
NoInfo,normal,normal_clear_2,1011,0.35,0.35,0.3,normal,True
RuleBased,normal,normal_clear_2,1011,0.5,0.24999999999999994,0.24999999999999994,normal,True
PerfectSemantic,normal,normal_clear_2,1011,1.0,0.0,0.0,normal,True
NoInfo,normal,normal_moderate_1,1011,0.35,0.35,0.3,normal,True
RuleBased,normal,normal_moderate_1,1011,0.5714285714285715,0.4285714285714286,0.0,normal,True
PerfectSemantic,normal,normal_moderate_1,1011,1.0,0.0,0.0,normal,True
NoInfo,normal,normal_moderate_2,1011,0.35,0.35,0.3,normal,True
RuleBased,normal,normal_moderate_2,1011,0.6666666666666667,0.3333333333333333,0.0,normal,True
PerfectSemantic,normal,normal_moderate_2,1011,1.0,0.0,0.0,normal,True
NoInfo,normal,normal_vague_1,1011,0.35,0.35,0.3,normal,True
RuleBased,normal,normal_vague_1,1011,0.5714285714285715,0.0,0.4285714285714286,normal,True
PerfectSemantic,normal,normal_vague_1,1011,1.0,0.0,0.0,normal,True
NoInfo,normal,normal_vague_2,1011,0.35,0.35,0.3,normal,True
RuleBased,normal,normal_vague_2,1011,0.6666666666666667,0.0,0.3333333333333333,normal,True
PerfectSemantic,normal,normal_vague_2,1011,1.0,0.0,0.0,normal,True
NoInfo,normal,normal_clear_1,1012,0.35,0.35,0.3,normal,True
RuleBased,normal,normal_clear_1,1012,0.4,0.3,0.3,normal,True
PerfectSemantic,normal,normal_clear_1,1012,1.0,0.0,0.0,normal,True
NoInfo,normal,normal_clear_2,1012,0.35,0.35,0.3,normal,True
RuleBased,normal,normal_clear_2,1012,0.5,0.24999999999999994,0.24999999999999994,normal,True
PerfectSemantic,normal,normal_clear_2,1012,1.0,0.0,0.0,normal,True
NoInfo,normal,normal_moderate_1,1012,0.35,0.35,0.3,normal,True
RuleBased,normal,normal_moderate_1,1012,0.5714285714285715,0.4285714285714286,0.0,normal,True
PerfectSemantic,normal,normal_moderate_1,1012,1.0,0.0,0.0,normal,True
NoInfo,normal,normal_moderate_2,1012,0.35,0.35,0.3,normal,True
RuleBased,normal,normal_moderate_2,1012,0.6666666666666667,0.3333333333333333,0.0,normal,True
PerfectSemantic,normal,normal_moderate_2,1012,1.0,0.0,0.0,normal,True
NoInfo,normal,normal_vague_1,1012,0.35,0.35,0.3,normal,True
RuleBased,normal,normal_vague_1,1012,0.5714285714285715,0.0,0.4285714285714286,normal,True
PerfectSemantic,normal,normal_vague_1,1012,1.0,0.0,0.0,normal,True
NoInfo,normal,normal_vague_2,1012,0.35,0.35,0.3,normal,True
RuleBased,normal,normal_vague_2,1012,0.6666666666666667,0.0,0.3333333333333333,normal,True
PerfectSemantic,normal,normal_vague_2,1012,1.0,0.0,0.0,normal,True
NoInfo,normal,normal_clear_1,1013,0.35,0.35,0.3,normal,True
RuleBased,normal,normal_clear_1,1013,0.4,0.3,0.3,normal,True
PerfectSemantic,normal,normal_clear_1,1013,1.0,0.0,0.0,normal,True
NoInfo,normal,normal_clear_2,1013,0.35,0.35,0.3,normal,True
RuleBased,normal,normal_clear_2,1013,0.5,0.24999999999999994,0.24999999999999994,normal,True
PerfectSemantic,normal,normal_clear_2,1013,1.0,0.0,0.0,normal,True
NoInfo,normal,normal_moderate_1,1013,0.35,0.35,0.3,normal,True
RuleBased,normal,normal_moderate_1,1013,0.5714285714285715,0.4285714285714286,0.0,normal,True
PerfectSemantic,normal,normal_moderate_1,1013,1.0,0.0,0.0,normal,True
NoInfo,normal,normal_moderate_2,1013,0.35,0.35,0.3,normal,True
RuleBased,normal,normal_moderate_2,1013,0.6666666666666667,0.3333333333333333,0.0,normal,True
PerfectSemantic,normal,normal_moderate_2,1013,1.0,0.0,0.0,normal,True
NoInfo,normal,normal_vague_1,1013,0.35,0.35,0.3,normal,True
RuleBased,normal,normal_vague_1,1013,0.5714285714285715,0.0,0.4285714285714286,normal,True
PerfectSemantic,normal,normal_vague_1,1013,1.0,0.0,0.0,normal,True
NoInfo,normal,normal_vague_2,1013,0.35,0.35,0.3,normal,True
RuleBased,normal,normal_vague_2,1013,0.6666666666666667,0.0,0.3333333333333333,normal,True
PerfectSemantic,normal,normal_vague_2,1013,1.0,0.0,0.0,normal,True
NoInfo,normal,normal_clear_1,1014,0.35,0.35,0.3,normal,True
RuleBased,normal,normal_clear_1,1014,0.4,0.3,0.3,normal,True
PerfectSemantic,normal,normal_clear_1,1014,1.0,0.0,0.0,normal,True
NoInfo,normal,normal_clear_2,1014,0.35,0.35,0.3,normal,True
RuleBased,normal,normal_clear_2,1014,0.5,0.24999999999999994,0.24999999999999994,normal,True
PerfectSemantic,normal,normal_clear_2,1014,1.0,0.0,0.0,normal,True
NoInfo,normal,normal_moderate_1,1014,0.35,0.35,0.3,normal,True
RuleBased,normal,normal_moderate_1,1014,0.5714285714285715,0.4285714285714286,0.0,normal,True
PerfectSemantic,normal,normal_moderate_1,1014,1.0,0.0,0.0,normal,True
NoInfo,normal,normal_moderate_2,1014,0.35,0.35,0.3,normal,True
RuleBased,normal,normal_moderate_2,1014,0.6666666666666667,0.3333333333333333,0.0,normal,True
PerfectSemantic,normal,normal_moderate_2,1014,1.0,0.0,0.0,normal,True
NoInfo,normal,normal_vague_1,1014,0.35,0.35,0.3,normal,True
RuleBased,normal,normal_vague_1,1014,0.5714285714285715,0.0,0.4285714285714286,normal,True
PerfectSemantic,normal,normal_vague_1,1014,1.0,0.0,0.0,normal,True
NoInfo,normal,normal_vague_2,1014,0.35,0.35,0.3,normal,True
RuleBased,normal,normal_vague_2,1014,0.6666666666666667,0.0,0.3333333333333333,normal,True
PerfectSemantic,normal,normal_vague_2,1014,1.0,0.0,0.0,normal,True
NoInfo,supplier_delay,delay_clear_1,1000,0.35,0.35,0.3,normal,False
RuleBased,supplier_delay,delay_clear_1,1000,0.0,0.6666666666666667,0.33333333333333337,supplier_delay,True
PerfectSemantic,supplier_delay,delay_clear_1,1000,0.0,1.0,0.0,supplier_delay,True
NoInfo,supplier_delay,delay_clear_2,1000,0.35,0.35,0.3,normal,False
RuleBased,supplier_delay,delay_clear_2,1000,0.3076923076923077,0.46153846153846145,0.23076923076923073,supplier_delay,True
PerfectSemantic,supplier_delay,delay_clear_2,1000,0.0,1.0,0.0,supplier_delay,True
NoInfo,supplier_delay,delay_moderate_1,1000,0.35,0.35,0.3,normal,False
RuleBased,supplier_delay,delay_moderate_1,1000,0.0,1.0,0.0,supplier_delay,True
PerfectSemantic,supplier_delay,delay_moderate_1,1000,0.0,1.0,0.0,supplier_delay,True
NoInfo,supplier_delay,delay_moderate_2,1000,0.35,0.35,0.3,normal,False
RuleBased,supplier_delay,delay_moderate_2,1000,0.0,1.0,0.0,supplier_delay,True
PerfectSemantic,supplier_delay,delay_moderate_2,1000,0.0,1.0,0.0,supplier_delay,True
NoInfo,supplier_delay,delay_vague_1,1000,0.35,0.35,0.3,normal,False
RuleBased,supplier_delay,delay_vague_1,1000,0.0,0.7142857142857143,0.2857142857142857,supplier_delay,True
PerfectSemantic,supplier_delay,delay_vague_1,1000,0.0,1.0,0.0,supplier_delay,True
NoInfo,supplier_delay,delay_vague_2,1000,0.35,0.35,0.3,normal,False
RuleBased,supplier_delay,delay_vague_2,1000,0.0,1.0,0.0,supplier_delay,True
PerfectSemantic,supplier_delay,delay_vague_2,1000,0.0,1.0,0.0,supplier_delay,True
NoInfo,supplier_delay,delay_clear_1,1001,0.35,0.35,0.3,normal,False
RuleBased,supplier_delay,delay_clear_1,1001,0.0,0.6666666666666667,0.33333333333333337,supplier_delay,True
PerfectSemantic,supplier_delay,delay_clear_1,1001,0.0,1.0,0.0,supplier_delay,True
NoInfo,supplier_delay,delay_clear_2,1001,0.35,0.35,0.3,normal,False
RuleBased,supplier_delay,delay_clear_2,1001,0.3076923076923077,0.46153846153846145,0.23076923076923073,supplier_delay,True
PerfectSemantic,supplier_delay,delay_clear_2,1001,0.0,1.0,0.0,supplier_delay,True
NoInfo,supplier_delay,delay_moderate_1,1001,0.35,0.35,0.3,normal,False
RuleBased,supplier_delay,delay_moderate_1,1001,0.0,1.0,0.0,supplier_delay,True
PerfectSemantic,supplier_delay,delay_moderate_1,1001,0.0,1.0,0.0,supplier_delay,True
NoInfo,supplier_delay,delay_moderate_2,1001,0.35,0.35,0.3,normal,False
RuleBased,supplier_delay,delay_moderate_2,1001,0.0,1.0,0.0,supplier_delay,True
PerfectSemantic,supplier_delay,delay_moderate_2,1001,0.0,1.0,0.0,supplier_delay,True
NoInfo,supplier_delay,delay_vague_1,1001,0.35,0.35,0.3,normal,False
RuleBased,supplier_delay,delay_vague_1,1001,0.0,0.7142857142857143,0.2857142857142857,supplier_delay,True
PerfectSemantic,supplier_delay,delay_vague_1,1001,0.0,1.0,0.0,supplier_delay,True
NoInfo,supplier_delay,delay_vague_2,1001,0.35,0.35,0.3,normal,False
RuleBased,supplier_delay,delay_vague_2,1001,0.0,1.0,0.0,supplier_delay,True
PerfectSemantic,supplier_delay,delay_vague_2,1001,0.0,1.0,0.0,supplier_delay,True
NoInfo,supplier_delay,delay_clear_1,1002,0.35,0.35,0.3,normal,False
RuleBased,supplier_delay,delay_clear_1,1002,0.0,0.6666666666666667,0.33333333333333337,supplier_delay,True
PerfectSemantic,supplier_delay,delay_clear_1,1002,0.0,1.0,0.0,supplier_delay,True
NoInfo,supplier_delay,delay_clear_2,1002,0.35,0.35,0.3,normal,False
RuleBased,supplier_delay,delay_clear_2,1002,0.3076923076923077,0.46153846153846145,0.23076923076923073,supplier_delay,True
PerfectSemantic,supplier_delay,delay_clear_2,1002,0.0,1.0,0.0,supplier_delay,True
NoInfo,supplier_delay,delay_moderate_1,1002,0.35,0.35,0.3,normal,False
RuleBased,supplier_delay,delay_moderate_1,1002,0.0,1.0,0.0,supplier_delay,True
PerfectSemantic,supplier_delay,delay_moderate_1,1002,0.0,1.0,0.0,supplier_delay,True
NoInfo,supplier_delay,delay_moderate_2,1002,0.35,0.35,0.3,normal,False
RuleBased,supplier_delay,delay_moderate_2,1002,0.0,1.0,0.0,supplier_delay,True
PerfectSemantic,supplier_delay,delay_moderate_2,1002,0.0,1.0,0.0,supplier_delay,True
NoInfo,supplier_delay,delay_vague_1,1002,0.35,0.35,0.3,normal,False
RuleBased,supplier_delay,delay_vague_1,1002,0.0,0.7142857142857143,0.2857142857142857,supplier_delay,True
PerfectSemantic,supplier_delay,delay_vague_1,1002,0.0,1.0,0.0,supplier_delay,True
NoInfo,supplier_delay,delay_vague_2,1002,0.35,0.35,0.3,normal,False
RuleBased,supplier_delay,delay_vague_2,1002,0.0,1.0,0.0,supplier_delay,True
PerfectSemantic,supplier_delay,delay_vague_2,1002,0.0,1.0,0.0,supplier_delay,True
NoInfo,supplier_delay,delay_clear_1,1003,0.35,0.35,0.3,normal,False
RuleBased,supplier_delay,delay_clear_1,1003,0.0,0.6666666666666667,0.33333333333333337,supplier_delay,True
PerfectSemantic,supplier_delay,delay_clear_1,1003,0.0,1.0,0.0,supplier_delay,True
NoInfo,supplier_delay,delay_clear_2,1003,0.35,0.35,0.3,normal,False
RuleBased,supplier_delay,delay_clear_2,1003,0.3076923076923077,0.46153846153846145,0.23076923076923073,supplier_delay,True
PerfectSemantic,supplier_delay,delay_clear_2,1003,0.0,1.0,0.0,supplier_delay,True
NoInfo,supplier_delay,delay_moderate_1,1003,0.35,0.35,0.3,normal,False
RuleBased,supplier_delay,delay_moderate_1,1003,0.0,1.0,0.0,supplier_delay,True
PerfectSemantic,supplier_delay,delay_moderate_1,1003,0.0,1.0,0.0,supplier_delay,True
NoInfo,supplier_delay,delay_moderate_2,1003,0.35,0.35,0.3,normal,False
RuleBased,supplier_delay,delay_moderate_2,1003,0.0,1.0,0.0,supplier_delay,True
PerfectSemantic,supplier_delay,delay_moderate_2,1003,0.0,1.0,0.0,supplier_delay,True
NoInfo,supplier_delay,delay_vague_1,1003,0.35,0.35,0.3,normal,False
RuleBased,supplier_delay,delay_vague_1,1003,0.0,0.7142857142857143,0.2857142857142857,supplier_delay,True
PerfectSemantic,supplier_delay,delay_vague_1,1003,0.0,1.0,0.0,supplier_delay,True
NoInfo,supplier_delay,delay_vague_2,1003,0.35,0.35,0.3,normal,False
RuleBased,supplier_delay,delay_vague_2,1003,0.0,1.0,0.0,supplier_delay,True
PerfectSemantic,supplier_delay,delay_vague_2,1003,0.0,1.0,0.0,supplier_delay,True
NoInfo,supplier_delay,delay_clear_1,1004,0.35,0.35,0.3,normal,False
RuleBased,supplier_delay,delay_clear_1,1004,0.0,0.6666666666666667,0.33333333333333337,supplier_delay,True
PerfectSemantic,supplier_delay,delay_clear_1,1004,0.0,1.0,0.0,supplier_delay,True
NoInfo,supplier_delay,delay_clear_2,1004,0.35,0.35,0.3,normal,False
RuleBased,supplier_delay,delay_clear_2,1004,0.3076923076923077,0.46153846153846145,0.23076923076923073,supplier_delay,True
PerfectSemantic,supplier_delay,delay_clear_2,1004,0.0,1.0,0.0,supplier_delay,True
NoInfo,supplier_delay,delay_moderate_1,1004,0.35,0.35,0.3,normal,False
RuleBased,supplier_delay,delay_moderate_1,1004,0.0,1.0,0.0,supplier_delay,True
PerfectSemantic,supplier_delay,delay_moderate_1,1004,0.0,1.0,0.0,supplier_delay,True
NoInfo,supplier_delay,delay_moderate_2,1004,0.35,0.35,0.3,normal,False
RuleBased,supplier_delay,delay_moderate_2,1004,0.0,1.0,0.0,supplier_delay,True
PerfectSemantic,supplier_delay,delay_moderate_2,1004,0.0,1.0,0.0,supplier_delay,True
NoInfo,supplier_delay,delay_vague_1,1004,0.35,0.35,0.3,normal,False
RuleBased,supplier_delay,delay_vague_1,1004,0.0,0.7142857142857143,0.2857142857142857,supplier_delay,True
PerfectSemantic,supplier_delay,delay_vague_1,1004,0.0,1.0,0.0,supplier_delay,True
NoInfo,supplier_delay,delay_vague_2,1004,0.35,0.35,0.3,normal,False
RuleBased,supplier_delay,delay_vague_2,1004,0.0,1.0,0.0,supplier_delay,True
PerfectSemantic,supplier_delay,delay_vague_2,1004,0.0,1.0,0.0,supplier_delay,True
NoInfo,supplier_delay,delay_clear_1,1005,0.35,0.35,0.3,normal,False
RuleBased,supplier_delay,delay_clear_1,1005,0.0,0.6666666666666667,0.33333333333333337,supplier_delay,True
PerfectSemantic,supplier_delay,delay_clear_1,1005,0.0,1.0,0.0,supplier_delay,True
NoInfo,supplier_delay,delay_clear_2,1005,0.35,0.35,0.3,normal,False
RuleBased,supplier_delay,delay_clear_2,1005,0.3076923076923077,0.46153846153846145,0.23076923076923073,supplier_delay,True
PerfectSemantic,supplier_delay,delay_clear_2,1005,0.0,1.0,0.0,supplier_delay,True
NoInfo,supplier_delay,delay_moderate_1,1005,0.35,0.35,0.3,normal,False
RuleBased,supplier_delay,delay_moderate_1,1005,0.0,1.0,0.0,supplier_delay,True
PerfectSemantic,supplier_delay,delay_moderate_1,1005,0.0,1.0,0.0,supplier_delay,True
NoInfo,supplier_delay,delay_moderate_2,1005,0.35,0.35,0.3,normal,False
RuleBased,supplier_delay,delay_moderate_2,1005,0.0,1.0,0.0,supplier_delay,True
PerfectSemantic,supplier_delay,delay_moderate_2,1005,0.0,1.0,0.0,supplier_delay,True
NoInfo,supplier_delay,delay_vague_1,1005,0.35,0.35,0.3,normal,False
RuleBased,supplier_delay,delay_vague_1,1005,0.0,0.7142857142857143,0.2857142857142857,supplier_delay,True
PerfectSemantic,supplier_delay,delay_vague_1,1005,0.0,1.0,0.0,supplier_delay,True
NoInfo,supplier_delay,delay_vague_2,1005,0.35,0.35,0.3,normal,False
RuleBased,supplier_delay,delay_vague_2,1005,0.0,1.0,0.0,supplier_delay,True
PerfectSemantic,supplier_delay,delay_vague_2,1005,0.0,1.0,0.0,supplier_delay,True
NoInfo,supplier_delay,delay_clear_1,1006,0.35,0.35,0.3,normal,False
RuleBased,supplier_delay,delay_clear_1,1006,0.0,0.6666666666666667,0.33333333333333337,supplier_delay,True
PerfectSemantic,supplier_delay,delay_clear_1,1006,0.0,1.0,0.0,supplier_delay,True
NoInfo,supplier_delay,delay_clear_2,1006,0.35,0.35,0.3,normal,False
RuleBased,supplier_delay,delay_clear_2,1006,0.3076923076923077,0.46153846153846145,0.23076923076923073,supplier_delay,True
PerfectSemantic,supplier_delay,delay_clear_2,1006,0.0,1.0,0.0,supplier_delay,True
NoInfo,supplier_delay,delay_moderate_1,1006,0.35,0.35,0.3,normal,False
RuleBased,supplier_delay,delay_moderate_1,1006,0.0,1.0,0.0,supplier_delay,True
PerfectSemantic,supplier_delay,delay_moderate_1,1006,0.0,1.0,0.0,supplier_delay,True
NoInfo,supplier_delay,delay_moderate_2,1006,0.35,0.35,0.3,normal,False
RuleBased,supplier_delay,delay_moderate_2,1006,0.0,1.0,0.0,supplier_delay,True
PerfectSemantic,supplier_delay,delay_moderate_2,1006,0.0,1.0,0.0,supplier_delay,True
NoInfo,supplier_delay,delay_vague_1,1006,0.35,0.35,0.3,normal,False
RuleBased,supplier_delay,delay_vague_1,1006,0.0,0.7142857142857143,0.2857142857142857,supplier_delay,True
PerfectSemantic,supplier_delay,delay_vague_1,1006,0.0,1.0,0.0,supplier_delay,True
NoInfo,supplier_delay,delay_vague_2,1006,0.35,0.35,0.3,normal,False
RuleBased,supplier_delay,delay_vague_2,1006,0.0,1.0,0.0,supplier_delay,True
PerfectSemantic,supplier_delay,delay_vague_2,1006,0.0,1.0,0.0,supplier_delay,True
NoInfo,supplier_delay,delay_clear_1,1007,0.35,0.35,0.3,normal,False
RuleBased,supplier_delay,delay_clear_1,1007,0.0,0.6666666666666667,0.33333333333333337,supplier_delay,True
PerfectSemantic,supplier_delay,delay_clear_1,1007,0.0,1.0,0.0,supplier_delay,True
NoInfo,supplier_delay,delay_clear_2,1007,0.35,0.35,0.3,normal,False
RuleBased,supplier_delay,delay_clear_2,1007,0.3076923076923077,0.46153846153846145,0.23076923076923073,supplier_delay,True
PerfectSemantic,supplier_delay,delay_clear_2,1007,0.0,1.0,0.0,supplier_delay,True
NoInfo,supplier_delay,delay_moderate_1,1007,0.35,0.35,0.3,normal,False
RuleBased,supplier_delay,delay_moderate_1,1007,0.0,1.0,0.0,supplier_delay,True
PerfectSemantic,supplier_delay,delay_moderate_1,1007,0.0,1.0,0.0,supplier_delay,True
NoInfo,supplier_delay,delay_moderate_2,1007,0.35,0.35,0.3,normal,False
RuleBased,supplier_delay,delay_moderate_2,1007,0.0,1.0,0.0,supplier_delay,True
PerfectSemantic,supplier_delay,delay_moderate_2,1007,0.0,1.0,0.0,supplier_delay,True
NoInfo,supplier_delay,delay_vague_1,1007,0.35,0.35,0.3,normal,False
RuleBased,supplier_delay,delay_vague_1,1007,0.0,0.7142857142857143,0.2857142857142857,supplier_delay,True
PerfectSemantic,supplier_delay,delay_vague_1,1007,0.0,1.0,0.0,supplier_delay,True
NoInfo,supplier_delay,delay_vague_2,1007,0.35,0.35,0.3,normal,False
RuleBased,supplier_delay,delay_vague_2,1007,0.0,1.0,0.0,supplier_delay,True
PerfectSemantic,supplier_delay,delay_vague_2,1007,0.0,1.0,0.0,supplier_delay,True
NoInfo,supplier_delay,delay_clear_1,1008,0.35,0.35,0.3,normal,False
RuleBased,supplier_delay,delay_clear_1,1008,0.0,0.6666666666666667,0.33333333333333337,supplier_delay,True
PerfectSemantic,supplier_delay,delay_clear_1,1008,0.0,1.0,0.0,supplier_delay,True
NoInfo,supplier_delay,delay_clear_2,1008,0.35,0.35,0.3,normal,False
RuleBased,supplier_delay,delay_clear_2,1008,0.3076923076923077,0.46153846153846145,0.23076923076923073,supplier_delay,True
PerfectSemantic,supplier_delay,delay_clear_2,1008,0.0,1.0,0.0,supplier_delay,True
NoInfo,supplier_delay,delay_moderate_1,1008,0.35,0.35,0.3,normal,False
RuleBased,supplier_delay,delay_moderate_1,1008,0.0,1.0,0.0,supplier_delay,True
PerfectSemantic,supplier_delay,delay_moderate_1,1008,0.0,1.0,0.0,supplier_delay,True
NoInfo,supplier_delay,delay_moderate_2,1008,0.35,0.35,0.3,normal,False
RuleBased,supplier_delay,delay_moderate_2,1008,0.0,1.0,0.0,supplier_delay,True
PerfectSemantic,supplier_delay,delay_moderate_2,1008,0.0,1.0,0.0,supplier_delay,True
NoInfo,supplier_delay,delay_vague_1,1008,0.35,0.35,0.3,normal,False
RuleBased,supplier_delay,delay_vague_1,1008,0.0,0.7142857142857143,0.2857142857142857,supplier_delay,True
PerfectSemantic,supplier_delay,delay_vague_1,1008,0.0,1.0,0.0,supplier_delay,True
NoInfo,supplier_delay,delay_vague_2,1008,0.35,0.35,0.3,normal,False
RuleBased,supplier_delay,delay_vague_2,1008,0.0,1.0,0.0,supplier_delay,True
PerfectSemantic,supplier_delay,delay_vague_2,1008,0.0,1.0,0.0,supplier_delay,True
NoInfo,supplier_delay,delay_clear_1,1009,0.35,0.35,0.3,normal,False
RuleBased,supplier_delay,delay_clear_1,1009,0.0,0.6666666666666667,0.33333333333333337,supplier_delay,True
PerfectSemantic,supplier_delay,delay_clear_1,1009,0.0,1.0,0.0,supplier_delay,True
NoInfo,supplier_delay,delay_clear_2,1009,0.35,0.35,0.3,normal,False
RuleBased,supplier_delay,delay_clear_2,1009,0.3076923076923077,0.46153846153846145,0.23076923076923073,supplier_delay,True
PerfectSemantic,supplier_delay,delay_clear_2,1009,0.0,1.0,0.0,supplier_delay,True
NoInfo,supplier_delay,delay_moderate_1,1009,0.35,0.35,0.3,normal,False
RuleBased,supplier_delay,delay_moderate_1,1009,0.0,1.0,0.0,supplier_delay,True
PerfectSemantic,supplier_delay,delay_moderate_1,1009,0.0,1.0,0.0,supplier_delay,True
NoInfo,supplier_delay,delay_moderate_2,1009,0.35,0.35,0.3,normal,False
RuleBased,supplier_delay,delay_moderate_2,1009,0.0,1.0,0.0,supplier_delay,True
PerfectSemantic,supplier_delay,delay_moderate_2,1009,0.0,1.0,0.0,supplier_delay,True
NoInfo,supplier_delay,delay_vague_1,1009,0.35,0.35,0.3,normal,False
RuleBased,supplier_delay,delay_vague_1,1009,0.0,0.7142857142857143,0.2857142857142857,supplier_delay,True
PerfectSemantic,supplier_delay,delay_vague_1,1009,0.0,1.0,0.0,supplier_delay,True
NoInfo,supplier_delay,delay_vague_2,1009,0.35,0.35,0.3,normal,False
RuleBased,supplier_delay,delay_vague_2,1009,0.0,1.0,0.0,supplier_delay,True
PerfectSemantic,supplier_delay,delay_vague_2,1009,0.0,1.0,0.0,supplier_delay,True
NoInfo,supplier_delay,delay_clear_1,1010,0.35,0.35,0.3,normal,False
RuleBased,supplier_delay,delay_clear_1,1010,0.0,0.6666666666666667,0.33333333333333337,supplier_delay,True
PerfectSemantic,supplier_delay,delay_clear_1,1010,0.0,1.0,0.0,supplier_delay,True
NoInfo,supplier_delay,delay_clear_2,1010,0.35,0.35,0.3,normal,False
RuleBased,supplier_delay,delay_clear_2,1010,0.3076923076923077,0.46153846153846145,0.23076923076923073,supplier_delay,True
PerfectSemantic,supplier_delay,delay_clear_2,1010,0.0,1.0,0.0,supplier_delay,True
NoInfo,supplier_delay,delay_moderate_1,1010,0.35,0.35,0.3,normal,False
RuleBased,supplier_delay,delay_moderate_1,1010,0.0,1.0,0.0,supplier_delay,True
PerfectSemantic,supplier_delay,delay_moderate_1,1010,0.0,1.0,0.0,supplier_delay,True
NoInfo,supplier_delay,delay_moderate_2,1010,0.35,0.35,0.3,normal,False
RuleBased,supplier_delay,delay_moderate_2,1010,0.0,1.0,0.0,supplier_delay,True
PerfectSemantic,supplier_delay,delay_moderate_2,1010,0.0,1.0,0.0,supplier_delay,True
NoInfo,supplier_delay,delay_vague_1,1010,0.35,0.35,0.3,normal,False
RuleBased,supplier_delay,delay_vague_1,1010,0.0,0.7142857142857143,0.2857142857142857,supplier_delay,True
PerfectSemantic,supplier_delay,delay_vague_1,1010,0.0,1.0,0.0,supplier_delay,True
NoInfo,supplier_delay,delay_vague_2,1010,0.35,0.35,0.3,normal,False
RuleBased,supplier_delay,delay_vague_2,1010,0.0,1.0,0.0,supplier_delay,True
PerfectSemantic,supplier_delay,delay_vague_2,1010,0.0,1.0,0.0,supplier_delay,True
NoInfo,supplier_delay,delay_clear_1,1011,0.35,0.35,0.3,normal,False
RuleBased,supplier_delay,delay_clear_1,1011,0.0,0.6666666666666667,0.33333333333333337,supplier_delay,True
PerfectSemantic,supplier_delay,delay_clear_1,1011,0.0,1.0,0.0,supplier_delay,True
NoInfo,supplier_delay,delay_clear_2,1011,0.35,0.35,0.3,normal,False
RuleBased,supplier_delay,delay_clear_2,1011,0.3076923076923077,0.46153846153846145,0.23076923076923073,supplier_delay,True
PerfectSemantic,supplier_delay,delay_clear_2,1011,0.0,1.0,0.0,supplier_delay,True
NoInfo,supplier_delay,delay_moderate_1,1011,0.35,0.35,0.3,normal,False
RuleBased,supplier_delay,delay_moderate_1,1011,0.0,1.0,0.0,supplier_delay,True
PerfectSemantic,supplier_delay,delay_moderate_1,1011,0.0,1.0,0.0,supplier_delay,True
NoInfo,supplier_delay,delay_moderate_2,1011,0.35,0.35,0.3,normal,False
RuleBased,supplier_delay,delay_moderate_2,1011,0.0,1.0,0.0,supplier_delay,True
PerfectSemantic,supplier_delay,delay_moderate_2,1011,0.0,1.0,0.0,supplier_delay,True
NoInfo,supplier_delay,delay_vague_1,1011,0.35,0.35,0.3,normal,False
RuleBased,supplier_delay,delay_vague_1,1011,0.0,0.7142857142857143,0.2857142857142857,supplier_delay,True
PerfectSemantic,supplier_delay,delay_vague_1,1011,0.0,1.0,0.0,supplier_delay,True
NoInfo,supplier_delay,delay_vague_2,1011,0.35,0.35,0.3,normal,False
RuleBased,supplier_delay,delay_vague_2,1011,0.0,1.0,0.0,supplier_delay,True
PerfectSemantic,supplier_delay,delay_vague_2,1011,0.0,1.0,0.0,supplier_delay,True
NoInfo,supplier_delay,delay_clear_1,1012,0.35,0.35,0.3,normal,False
RuleBased,supplier_delay,delay_clear_1,1012,0.0,0.6666666666666667,0.33333333333333337,supplier_delay,True
PerfectSemantic,supplier_delay,delay_clear_1,1012,0.0,1.0,0.0,supplier_delay,True
NoInfo,supplier_delay,delay_clear_2,1012,0.35,0.35,0.3,normal,False
RuleBased,supplier_delay,delay_clear_2,1012,0.3076923076923077,0.46153846153846145,0.23076923076923073,supplier_delay,True
PerfectSemantic,supplier_delay,delay_clear_2,1012,0.0,1.0,0.0,supplier_delay,True
NoInfo,supplier_delay,delay_moderate_1,1012,0.35,0.35,0.3,normal,False
RuleBased,supplier_delay,delay_moderate_1,1012,0.0,1.0,0.0,supplier_delay,True
PerfectSemantic,supplier_delay,delay_moderate_1,1012,0.0,1.0,0.0,supplier_delay,True
NoInfo,supplier_delay,delay_moderate_2,1012,0.35,0.35,0.3,normal,False
RuleBased,supplier_delay,delay_moderate_2,1012,0.0,1.0,0.0,supplier_delay,True
PerfectSemantic,supplier_delay,delay_moderate_2,1012,0.0,1.0,0.0,supplier_delay,True
NoInfo,supplier_delay,delay_vague_1,1012,0.35,0.35,0.3,normal,False
RuleBased,supplier_delay,delay_vague_1,1012,0.0,0.7142857142857143,0.2857142857142857,supplier_delay,True
PerfectSemantic,supplier_delay,delay_vague_1,1012,0.0,1.0,0.0,supplier_delay,True
NoInfo,supplier_delay,delay_vague_2,1012,0.35,0.35,0.3,normal,False
RuleBased,supplier_delay,delay_vague_2,1012,0.0,1.0,0.0,supplier_delay,True
PerfectSemantic,supplier_delay,delay_vague_2,1012,0.0,1.0,0.0,supplier_delay,True
NoInfo,supplier_delay,delay_clear_1,1013,0.35,0.35,0.3,normal,False
RuleBased,supplier_delay,delay_clear_1,1013,0.0,0.6666666666666667,0.33333333333333337,supplier_delay,True
PerfectSemantic,supplier_delay,delay_clear_1,1013,0.0,1.0,0.0,supplier_delay,True
NoInfo,supplier_delay,delay_clear_2,1013,0.35,0.35,0.3,normal,False
RuleBased,supplier_delay,delay_clear_2,1013,0.3076923076923077,0.46153846153846145,0.23076923076923073,supplier_delay,True
PerfectSemantic,supplier_delay,delay_clear_2,1013,0.0,1.0,0.0,supplier_delay,True
NoInfo,supplier_delay,delay_moderate_1,1013,0.35,0.35,0.3,normal,False
RuleBased,supplier_delay,delay_moderate_1,1013,0.0,1.0,0.0,supplier_delay,True
PerfectSemantic,supplier_delay,delay_moderate_1,1013,0.0,1.0,0.0,supplier_delay,True
NoInfo,supplier_delay,delay_moderate_2,1013,0.35,0.35,0.3,normal,False
RuleBased,supplier_delay,delay_moderate_2,1013,0.0,1.0,0.0,supplier_delay,True
PerfectSemantic,supplier_delay,delay_moderate_2,1013,0.0,1.0,0.0,supplier_delay,True
NoInfo,supplier_delay,delay_vague_1,1013,0.35,0.35,0.3,normal,False
RuleBased,supplier_delay,delay_vague_1,1013,0.0,0.7142857142857143,0.2857142857142857,supplier_delay,True
PerfectSemantic,supplier_delay,delay_vague_1,1013,0.0,1.0,0.0,supplier_delay,True
NoInfo,supplier_delay,delay_vague_2,1013,0.35,0.35,0.3,normal,False
RuleBased,supplier_delay,delay_vague_2,1013,0.0,1.0,0.0,supplier_delay,True
PerfectSemantic,supplier_delay,delay_vague_2,1013,0.0,1.0,0.0,supplier_delay,True
NoInfo,supplier_delay,delay_clear_1,1014,0.35,0.35,0.3,normal,False
RuleBased,supplier_delay,delay_clear_1,1014,0.0,0.6666666666666667,0.33333333333333337,supplier_delay,True
PerfectSemantic,supplier_delay,delay_clear_1,1014,0.0,1.0,0.0,supplier_delay,True
NoInfo,supplier_delay,delay_clear_2,1014,0.35,0.35,0.3,normal,False
RuleBased,supplier_delay,delay_clear_2,1014,0.3076923076923077,0.46153846153846145,0.23076923076923073,supplier_delay,True
PerfectSemantic,supplier_delay,delay_clear_2,1014,0.0,1.0,0.0,supplier_delay,True
NoInfo,supplier_delay,delay_moderate_1,1014,0.35,0.35,0.3,normal,False
RuleBased,supplier_delay,delay_moderate_1,1014,0.0,1.0,0.0,supplier_delay,True
PerfectSemantic,supplier_delay,delay_moderate_1,1014,0.0,1.0,0.0,supplier_delay,True
NoInfo,supplier_delay,delay_moderate_2,1014,0.35,0.35,0.3,normal,False
RuleBased,supplier_delay,delay_moderate_2,1014,0.0,1.0,0.0,supplier_delay,True
PerfectSemantic,supplier_delay,delay_moderate_2,1014,0.0,1.0,0.0,supplier_delay,True
NoInfo,supplier_delay,delay_vague_1,1014,0.35,0.35,0.3,normal,False
RuleBased,supplier_delay,delay_vague_1,1014,0.0,0.7142857142857143,0.2857142857142857,supplier_delay,True
PerfectSemantic,supplier_delay,delay_vague_1,1014,0.0,1.0,0.0,supplier_delay,True
NoInfo,supplier_delay,delay_vague_2,1014,0.35,0.35,0.3,normal,False
RuleBased,supplier_delay,delay_vague_2,1014,0.0,1.0,0.0,supplier_delay,True
PerfectSemantic,supplier_delay,delay_vague_2,1014,0.0,1.0,0.0,supplier_delay,True
NoInfo,demand_surge,surge_clear_1,1000,0.35,0.35,0.3,normal,False
RuleBased,demand_surge,surge_clear_1,1000,0.30769230769230776,0.23076923076923078,0.46153846153846156,demand_surge,True
PerfectSemantic,demand_surge,surge_clear_1,1000,0.0,0.0,1.0,demand_surge,True
NoInfo,demand_surge,surge_clear_2,1000,0.35,0.35,0.3,normal,False
RuleBased,demand_surge,surge_clear_2,1000,0.0,0.33333333333333337,0.6666666666666667,demand_surge,True
PerfectSemantic,demand_surge,surge_clear_2,1000,0.0,0.0,1.0,demand_surge,True
NoInfo,demand_surge,surge_moderate_1,1000,0.35,0.35,0.3,normal,False
RuleBased,demand_surge,surge_moderate_1,1000,0.4,0.0,0.6,demand_surge,True
PerfectSemantic,demand_surge,surge_moderate_1,1000,0.0,0.0,1.0,demand_surge,True
NoInfo,demand_surge,surge_moderate_2,1000,0.35,0.35,0.3,normal,False
RuleBased,demand_surge,surge_moderate_2,1000,0.30769230769230776,0.23076923076923078,0.46153846153846156,demand_surge,True
PerfectSemantic,demand_surge,surge_moderate_2,1000,0.0,0.0,1.0,demand_surge,True
NoInfo,demand_surge,surge_vague_1,1000,0.35,0.35,0.3,normal,False
RuleBased,demand_surge,surge_vague_1,1000,0.0,0.0,1.0,demand_surge,True
PerfectSemantic,demand_surge,surge_vague_1,1000,0.0,0.0,1.0,demand_surge,True
NoInfo,demand_surge,surge_vague_2,1000,0.35,0.35,0.3,normal,False
RuleBased,demand_surge,surge_vague_2,1000,0.0,0.0,1.0,demand_surge,True
PerfectSemantic,demand_surge,surge_vague_2,1000,0.0,0.0,1.0,demand_surge,True
NoInfo,demand_surge,surge_clear_1,1001,0.35,0.35,0.3,normal,False
RuleBased,demand_surge,surge_clear_1,1001,0.30769230769230776,0.23076923076923078,0.46153846153846156,demand_surge,True
PerfectSemantic,demand_surge,surge_clear_1,1001,0.0,0.0,1.0,demand_surge,True
NoInfo,demand_surge,surge_clear_2,1001,0.35,0.35,0.3,normal,False
RuleBased,demand_surge,surge_clear_2,1001,0.0,0.33333333333333337,0.6666666666666667,demand_surge,True
PerfectSemantic,demand_surge,surge_clear_2,1001,0.0,0.0,1.0,demand_surge,True
NoInfo,demand_surge,surge_moderate_1,1001,0.35,0.35,0.3,normal,False
RuleBased,demand_surge,surge_moderate_1,1001,0.4,0.0,0.6,demand_surge,True
PerfectSemantic,demand_surge,surge_moderate_1,1001,0.0,0.0,1.0,demand_surge,True
NoInfo,demand_surge,surge_moderate_2,1001,0.35,0.35,0.3,normal,False
RuleBased,demand_surge,surge_moderate_2,1001,0.30769230769230776,0.23076923076923078,0.46153846153846156,demand_surge,True
PerfectSemantic,demand_surge,surge_moderate_2,1001,0.0,0.0,1.0,demand_surge,True
NoInfo,demand_surge,surge_vague_1,1001,0.35,0.35,0.3,normal,False
RuleBased,demand_surge,surge_vague_1,1001,0.0,0.0,1.0,demand_surge,True
PerfectSemantic,demand_surge,surge_vague_1,1001,0.0,0.0,1.0,demand_surge,True
NoInfo,demand_surge,surge_vague_2,1001,0.35,0.35,0.3,normal,False
RuleBased,demand_surge,surge_vague_2,1001,0.0,0.0,1.0,demand_surge,True
PerfectSemantic,demand_surge,surge_vague_2,1001,0.0,0.0,1.0,demand_surge,True
NoInfo,demand_surge,surge_clear_1,1002,0.35,0.35,0.3,normal,False
RuleBased,demand_surge,surge_clear_1,1002,0.30769230769230776,0.23076923076923078,0.46153846153846156,demand_surge,True
PerfectSemantic,demand_surge,surge_clear_1,1002,0.0,0.0,1.0,demand_surge,True
NoInfo,demand_surge,surge_clear_2,1002,0.35,0.35,0.3,normal,False
RuleBased,demand_surge,surge_clear_2,1002,0.0,0.33333333333333337,0.6666666666666667,demand_surge,True
PerfectSemantic,demand_surge,surge_clear_2,1002,0.0,0.0,1.0,demand_surge,True
NoInfo,demand_surge,surge_moderate_1,1002,0.35,0.35,0.3,normal,False
RuleBased,demand_surge,surge_moderate_1,1002,0.4,0.0,0.6,demand_surge,True
PerfectSemantic,demand_surge,surge_moderate_1,1002,0.0,0.0,1.0,demand_surge,True
NoInfo,demand_surge,surge_moderate_2,1002,0.35,0.35,0.3,normal,False
RuleBased,demand_surge,surge_moderate_2,1002,0.30769230769230776,0.23076923076923078,0.46153846153846156,demand_surge,True
PerfectSemantic,demand_surge,surge_moderate_2,1002,0.0,0.0,1.0,demand_surge,True
NoInfo,demand_surge,surge_vague_1,1002,0.35,0.35,0.3,normal,False
RuleBased,demand_surge,surge_vague_1,1002,0.0,0.0,1.0,demand_surge,True
PerfectSemantic,demand_surge,surge_vague_1,1002,0.0,0.0,1.0,demand_surge,True
NoInfo,demand_surge,surge_vague_2,1002,0.35,0.35,0.3,normal,False
RuleBased,demand_surge,surge_vague_2,1002,0.0,0.0,1.0,demand_surge,True
PerfectSemantic,demand_surge,surge_vague_2,1002,0.0,0.0,1.0,demand_surge,True
NoInfo,demand_surge,surge_clear_1,1003,0.35,0.35,0.3,normal,False
RuleBased,demand_surge,surge_clear_1,1003,0.30769230769230776,0.23076923076923078,0.46153846153846156,demand_surge,True
PerfectSemantic,demand_surge,surge_clear_1,1003,0.0,0.0,1.0,demand_surge,True
NoInfo,demand_surge,surge_clear_2,1003,0.35,0.35,0.3,normal,False
RuleBased,demand_surge,surge_clear_2,1003,0.0,0.33333333333333337,0.6666666666666667,demand_surge,True
PerfectSemantic,demand_surge,surge_clear_2,1003,0.0,0.0,1.0,demand_surge,True
NoInfo,demand_surge,surge_moderate_1,1003,0.35,0.35,0.3,normal,False
RuleBased,demand_surge,surge_moderate_1,1003,0.4,0.0,0.6,demand_surge,True
PerfectSemantic,demand_surge,surge_moderate_1,1003,0.0,0.0,1.0,demand_surge,True
NoInfo,demand_surge,surge_moderate_2,1003,0.35,0.35,0.3,normal,False
RuleBased,demand_surge,surge_moderate_2,1003,0.30769230769230776,0.23076923076923078,0.46153846153846156,demand_surge,True
PerfectSemantic,demand_surge,surge_moderate_2,1003,0.0,0.0,1.0,demand_surge,True
NoInfo,demand_surge,surge_vague_1,1003,0.35,0.35,0.3,normal,False
RuleBased,demand_surge,surge_vague_1,1003,0.0,0.0,1.0,demand_surge,True
PerfectSemantic,demand_surge,surge_vague_1,1003,0.0,0.0,1.0,demand_surge,True
NoInfo,demand_surge,surge_vague_2,1003,0.35,0.35,0.3,normal,False
RuleBased,demand_surge,surge_vague_2,1003,0.0,0.0,1.0,demand_surge,True
PerfectSemantic,demand_surge,surge_vague_2,1003,0.0,0.0,1.0,demand_surge,True
NoInfo,demand_surge,surge_clear_1,1004,0.35,0.35,0.3,normal,False
RuleBased,demand_surge,surge_clear_1,1004,0.30769230769230776,0.23076923076923078,0.46153846153846156,demand_surge,True
PerfectSemantic,demand_surge,surge_clear_1,1004,0.0,0.0,1.0,demand_surge,True
NoInfo,demand_surge,surge_clear_2,1004,0.35,0.35,0.3,normal,False
RuleBased,demand_surge,surge_clear_2,1004,0.0,0.33333333333333337,0.6666666666666667,demand_surge,True
PerfectSemantic,demand_surge,surge_clear_2,1004,0.0,0.0,1.0,demand_surge,True
NoInfo,demand_surge,surge_moderate_1,1004,0.35,0.35,0.3,normal,False
RuleBased,demand_surge,surge_moderate_1,1004,0.4,0.0,0.6,demand_surge,True
PerfectSemantic,demand_surge,surge_moderate_1,1004,0.0,0.0,1.0,demand_surge,True
NoInfo,demand_surge,surge_moderate_2,1004,0.35,0.35,0.3,normal,False
RuleBased,demand_surge,surge_moderate_2,1004,0.30769230769230776,0.23076923076923078,0.46153846153846156,demand_surge,True
PerfectSemantic,demand_surge,surge_moderate_2,1004,0.0,0.0,1.0,demand_surge,True
NoInfo,demand_surge,surge_vague_1,1004,0.35,0.35,0.3,normal,False
RuleBased,demand_surge,surge_vague_1,1004,0.0,0.0,1.0,demand_surge,True
PerfectSemantic,demand_surge,surge_vague_1,1004,0.0,0.0,1.0,demand_surge,True
NoInfo,demand_surge,surge_vague_2,1004,0.35,0.35,0.3,normal,False
RuleBased,demand_surge,surge_vague_2,1004,0.0,0.0,1.0,demand_surge,True
PerfectSemantic,demand_surge,surge_vague_2,1004,0.0,0.0,1.0,demand_surge,True
NoInfo,demand_surge,surge_clear_1,1005,0.35,0.35,0.3,normal,False
RuleBased,demand_surge,surge_clear_1,1005,0.30769230769230776,0.23076923076923078,0.46153846153846156,demand_surge,True
PerfectSemantic,demand_surge,surge_clear_1,1005,0.0,0.0,1.0,demand_surge,True
NoInfo,demand_surge,surge_clear_2,1005,0.35,0.35,0.3,normal,False
RuleBased,demand_surge,surge_clear_2,1005,0.0,0.33333333333333337,0.6666666666666667,demand_surge,True
PerfectSemantic,demand_surge,surge_clear_2,1005,0.0,0.0,1.0,demand_surge,True
NoInfo,demand_surge,surge_moderate_1,1005,0.35,0.35,0.3,normal,False
RuleBased,demand_surge,surge_moderate_1,1005,0.4,0.0,0.6,demand_surge,True
PerfectSemantic,demand_surge,surge_moderate_1,1005,0.0,0.0,1.0,demand_surge,True
NoInfo,demand_surge,surge_moderate_2,1005,0.35,0.35,0.3,normal,False
RuleBased,demand_surge,surge_moderate_2,1005,0.30769230769230776,0.23076923076923078,0.46153846153846156,demand_surge,True
PerfectSemantic,demand_surge,surge_moderate_2,1005,0.0,0.0,1.0,demand_surge,True
NoInfo,demand_surge,surge_vague_1,1005,0.35,0.35,0.3,normal,False
RuleBased,demand_surge,surge_vague_1,1005,0.0,0.0,1.0,demand_surge,True
PerfectSemantic,demand_surge,surge_vague_1,1005,0.0,0.0,1.0,demand_surge,True
NoInfo,demand_surge,surge_vague_2,1005,0.35,0.35,0.3,normal,False
RuleBased,demand_surge,surge_vague_2,1005,0.0,0.0,1.0,demand_surge,True
PerfectSemantic,demand_surge,surge_vague_2,1005,0.0,0.0,1.0,demand_surge,True
NoInfo,demand_surge,surge_clear_1,1006,0.35,0.35,0.3,normal,False
RuleBased,demand_surge,surge_clear_1,1006,0.30769230769230776,0.23076923076923078,0.46153846153846156,demand_surge,True
PerfectSemantic,demand_surge,surge_clear_1,1006,0.0,0.0,1.0,demand_surge,True
NoInfo,demand_surge,surge_clear_2,1006,0.35,0.35,0.3,normal,False
RuleBased,demand_surge,surge_clear_2,1006,0.0,0.33333333333333337,0.6666666666666667,demand_surge,True
PerfectSemantic,demand_surge,surge_clear_2,1006,0.0,0.0,1.0,demand_surge,True
NoInfo,demand_surge,surge_moderate_1,1006,0.35,0.35,0.3,normal,False
RuleBased,demand_surge,surge_moderate_1,1006,0.4,0.0,0.6,demand_surge,True
PerfectSemantic,demand_surge,surge_moderate_1,1006,0.0,0.0,1.0,demand_surge,True
NoInfo,demand_surge,surge_moderate_2,1006,0.35,0.35,0.3,normal,False
RuleBased,demand_surge,surge_moderate_2,1006,0.30769230769230776,0.23076923076923078,0.46153846153846156,demand_surge,True
PerfectSemantic,demand_surge,surge_moderate_2,1006,0.0,0.0,1.0,demand_surge,True
NoInfo,demand_surge,surge_vague_1,1006,0.35,0.35,0.3,normal,False
RuleBased,demand_surge,surge_vague_1,1006,0.0,0.0,1.0,demand_surge,True
PerfectSemantic,demand_surge,surge_vague_1,1006,0.0,0.0,1.0,demand_surge,True
NoInfo,demand_surge,surge_vague_2,1006,0.35,0.35,0.3,normal,False
RuleBased,demand_surge,surge_vague_2,1006,0.0,0.0,1.0,demand_surge,True
PerfectSemantic,demand_surge,surge_vague_2,1006,0.0,0.0,1.0,demand_surge,True
NoInfo,demand_surge,surge_clear_1,1007,0.35,0.35,0.3,normal,False
RuleBased,demand_surge,surge_clear_1,1007,0.30769230769230776,0.23076923076923078,0.46153846153846156,demand_surge,True
PerfectSemantic,demand_surge,surge_clear_1,1007,0.0,0.0,1.0,demand_surge,True
NoInfo,demand_surge,surge_clear_2,1007,0.35,0.35,0.3,normal,False
RuleBased,demand_surge,surge_clear_2,1007,0.0,0.33333333333333337,0.6666666666666667,demand_surge,True
PerfectSemantic,demand_surge,surge_clear_2,1007,0.0,0.0,1.0,demand_surge,True
NoInfo,demand_surge,surge_moderate_1,1007,0.35,0.35,0.3,normal,False
RuleBased,demand_surge,surge_moderate_1,1007,0.4,0.0,0.6,demand_surge,True
PerfectSemantic,demand_surge,surge_moderate_1,1007,0.0,0.0,1.0,demand_surge,True
NoInfo,demand_surge,surge_moderate_2,1007,0.35,0.35,0.3,normal,False
RuleBased,demand_surge,surge_moderate_2,1007,0.30769230769230776,0.23076923076923078,0.46153846153846156,demand_surge,True
PerfectSemantic,demand_surge,surge_moderate_2,1007,0.0,0.0,1.0,demand_surge,True
NoInfo,demand_surge,surge_vague_1,1007,0.35,0.35,0.3,normal,False
RuleBased,demand_surge,surge_vague_1,1007,0.0,0.0,1.0,demand_surge,True
PerfectSemantic,demand_surge,surge_vague_1,1007,0.0,0.0,1.0,demand_surge,True
NoInfo,demand_surge,surge_vague_2,1007,0.35,0.35,0.3,normal,False
RuleBased,demand_surge,surge_vague_2,1007,0.0,0.0,1.0,demand_surge,True
PerfectSemantic,demand_surge,surge_vague_2,1007,0.0,0.0,1.0,demand_surge,True
NoInfo,demand_surge,surge_clear_1,1008,0.35,0.35,0.3,normal,False
RuleBased,demand_surge,surge_clear_1,1008,0.30769230769230776,0.23076923076923078,0.46153846153846156,demand_surge,True
PerfectSemantic,demand_surge,surge_clear_1,1008,0.0,0.0,1.0,demand_surge,True
NoInfo,demand_surge,surge_clear_2,1008,0.35,0.35,0.3,normal,False
RuleBased,demand_surge,surge_clear_2,1008,0.0,0.33333333333333337,0.6666666666666667,demand_surge,True
PerfectSemantic,demand_surge,surge_clear_2,1008,0.0,0.0,1.0,demand_surge,True
NoInfo,demand_surge,surge_moderate_1,1008,0.35,0.35,0.3,normal,False
RuleBased,demand_surge,surge_moderate_1,1008,0.4,0.0,0.6,demand_surge,True
PerfectSemantic,demand_surge,surge_moderate_1,1008,0.0,0.0,1.0,demand_surge,True
NoInfo,demand_surge,surge_moderate_2,1008,0.35,0.35,0.3,normal,False
RuleBased,demand_surge,surge_moderate_2,1008,0.30769230769230776,0.23076923076923078,0.46153846153846156,demand_surge,True
PerfectSemantic,demand_surge,surge_moderate_2,1008,0.0,0.0,1.0,demand_surge,True
NoInfo,demand_surge,surge_vague_1,1008,0.35,0.35,0.3,normal,False
RuleBased,demand_surge,surge_vague_1,1008,0.0,0.0,1.0,demand_surge,True
PerfectSemantic,demand_surge,surge_vague_1,1008,0.0,0.0,1.0,demand_surge,True
NoInfo,demand_surge,surge_vague_2,1008,0.35,0.35,0.3,normal,False
RuleBased,demand_surge,surge_vague_2,1008,0.0,0.0,1.0,demand_surge,True
PerfectSemantic,demand_surge,surge_vague_2,1008,0.0,0.0,1.0,demand_surge,True
NoInfo,demand_surge,surge_clear_1,1009,0.35,0.35,0.3,normal,False
RuleBased,demand_surge,surge_clear_1,1009,0.30769230769230776,0.23076923076923078,0.46153846153846156,demand_surge,True
PerfectSemantic,demand_surge,surge_clear_1,1009,0.0,0.0,1.0,demand_surge,True
NoInfo,demand_surge,surge_clear_2,1009,0.35,0.35,0.3,normal,False
RuleBased,demand_surge,surge_clear_2,1009,0.0,0.33333333333333337,0.6666666666666667,demand_surge,True
PerfectSemantic,demand_surge,surge_clear_2,1009,0.0,0.0,1.0,demand_surge,True
NoInfo,demand_surge,surge_moderate_1,1009,0.35,0.35,0.3,normal,False
RuleBased,demand_surge,surge_moderate_1,1009,0.4,0.0,0.6,demand_surge,True
PerfectSemantic,demand_surge,surge_moderate_1,1009,0.0,0.0,1.0,demand_surge,True
NoInfo,demand_surge,surge_moderate_2,1009,0.35,0.35,0.3,normal,False
RuleBased,demand_surge,surge_moderate_2,1009,0.30769230769230776,0.23076923076923078,0.46153846153846156,demand_surge,True
PerfectSemantic,demand_surge,surge_moderate_2,1009,0.0,0.0,1.0,demand_surge,True
NoInfo,demand_surge,surge_vague_1,1009,0.35,0.35,0.3,normal,False
RuleBased,demand_surge,surge_vague_1,1009,0.0,0.0,1.0,demand_surge,True
PerfectSemantic,demand_surge,surge_vague_1,1009,0.0,0.0,1.0,demand_surge,True
NoInfo,demand_surge,surge_vague_2,1009,0.35,0.35,0.3,normal,False
RuleBased,demand_surge,surge_vague_2,1009,0.0,0.0,1.0,demand_surge,True
PerfectSemantic,demand_surge,surge_vague_2,1009,0.0,0.0,1.0,demand_surge,True
NoInfo,demand_surge,surge_clear_1,1010,0.35,0.35,0.3,normal,False
RuleBased,demand_surge,surge_clear_1,1010,0.30769230769230776,0.23076923076923078,0.46153846153846156,demand_surge,True
PerfectSemantic,demand_surge,surge_clear_1,1010,0.0,0.0,1.0,demand_surge,True
NoInfo,demand_surge,surge_clear_2,1010,0.35,0.35,0.3,normal,False
RuleBased,demand_surge,surge_clear_2,1010,0.0,0.33333333333333337,0.6666666666666667,demand_surge,True
PerfectSemantic,demand_surge,surge_clear_2,1010,0.0,0.0,1.0,demand_surge,True
NoInfo,demand_surge,surge_moderate_1,1010,0.35,0.35,0.3,normal,False
RuleBased,demand_surge,surge_moderate_1,1010,0.4,0.0,0.6,demand_surge,True
PerfectSemantic,demand_surge,surge_moderate_1,1010,0.0,0.0,1.0,demand_surge,True
NoInfo,demand_surge,surge_moderate_2,1010,0.35,0.35,0.3,normal,False
RuleBased,demand_surge,surge_moderate_2,1010,0.30769230769230776,0.23076923076923078,0.46153846153846156,demand_surge,True
PerfectSemantic,demand_surge,surge_moderate_2,1010,0.0,0.0,1.0,demand_surge,True
NoInfo,demand_surge,surge_vague_1,1010,0.35,0.35,0.3,normal,False
RuleBased,demand_surge,surge_vague_1,1010,0.0,0.0,1.0,demand_surge,True
PerfectSemantic,demand_surge,surge_vague_1,1010,0.0,0.0,1.0,demand_surge,True
NoInfo,demand_surge,surge_vague_2,1010,0.35,0.35,0.3,normal,False
RuleBased,demand_surge,surge_vague_2,1010,0.0,0.0,1.0,demand_surge,True
PerfectSemantic,demand_surge,surge_vague_2,1010,0.0,0.0,1.0,demand_surge,True
NoInfo,demand_surge,surge_clear_1,1011,0.35,0.35,0.3,normal,False
RuleBased,demand_surge,surge_clear_1,1011,0.30769230769230776,0.23076923076923078,0.46153846153846156,demand_surge,True
PerfectSemantic,demand_surge,surge_clear_1,1011,0.0,0.0,1.0,demand_surge,True
NoInfo,demand_surge,surge_clear_2,1011,0.35,0.35,0.3,normal,False
RuleBased,demand_surge,surge_clear_2,1011,0.0,0.33333333333333337,0.6666666666666667,demand_surge,True
PerfectSemantic,demand_surge,surge_clear_2,1011,0.0,0.0,1.0,demand_surge,True
NoInfo,demand_surge,surge_moderate_1,1011,0.35,0.35,0.3,normal,False
RuleBased,demand_surge,surge_moderate_1,1011,0.4,0.0,0.6,demand_surge,True
PerfectSemantic,demand_surge,surge_moderate_1,1011,0.0,0.0,1.0,demand_surge,True
NoInfo,demand_surge,surge_moderate_2,1011,0.35,0.35,0.3,normal,False
RuleBased,demand_surge,surge_moderate_2,1011,0.30769230769230776,0.23076923076923078,0.46153846153846156,demand_surge,True
PerfectSemantic,demand_surge,surge_moderate_2,1011,0.0,0.0,1.0,demand_surge,True
NoInfo,demand_surge,surge_vague_1,1011,0.35,0.35,0.3,normal,False
RuleBased,demand_surge,surge_vague_1,1011,0.0,0.0,1.0,demand_surge,True
PerfectSemantic,demand_surge,surge_vague_1,1011,0.0,0.0,1.0,demand_surge,True
NoInfo,demand_surge,surge_vague_2,1011,0.35,0.35,0.3,normal,False
RuleBased,demand_surge,surge_vague_2,1011,0.0,0.0,1.0,demand_surge,True
PerfectSemantic,demand_surge,surge_vague_2,1011,0.0,0.0,1.0,demand_surge,True
NoInfo,demand_surge,surge_clear_1,1012,0.35,0.35,0.3,normal,False
RuleBased,demand_surge,surge_clear_1,1012,0.30769230769230776,0.23076923076923078,0.46153846153846156,demand_surge,True
PerfectSemantic,demand_surge,surge_clear_1,1012,0.0,0.0,1.0,demand_surge,True
NoInfo,demand_surge,surge_clear_2,1012,0.35,0.35,0.3,normal,False
RuleBased,demand_surge,surge_clear_2,1012,0.0,0.33333333333333337,0.6666666666666667,demand_surge,True
PerfectSemantic,demand_surge,surge_clear_2,1012,0.0,0.0,1.0,demand_surge,True
NoInfo,demand_surge,surge_moderate_1,1012,0.35,0.35,0.3,normal,False
RuleBased,demand_surge,surge_moderate_1,1012,0.4,0.0,0.6,demand_surge,True
PerfectSemantic,demand_surge,surge_moderate_1,1012,0.0,0.0,1.0,demand_surge,True
NoInfo,demand_surge,surge_moderate_2,1012,0.35,0.35,0.3,normal,False
RuleBased,demand_surge,surge_moderate_2,1012,0.30769230769230776,0.23076923076923078,0.46153846153846156,demand_surge,True
PerfectSemantic,demand_surge,surge_moderate_2,1012,0.0,0.0,1.0,demand_surge,True
NoInfo,demand_surge,surge_vague_1,1012,0.35,0.35,0.3,normal,False
RuleBased,demand_surge,surge_vague_1,1012,0.0,0.0,1.0,demand_surge,True
PerfectSemantic,demand_surge,surge_vague_1,1012,0.0,0.0,1.0,demand_surge,True
NoInfo,demand_surge,surge_vague_2,1012,0.35,0.35,0.3,normal,False
RuleBased,demand_surge,surge_vague_2,1012,0.0,0.0,1.0,demand_surge,True
PerfectSemantic,demand_surge,surge_vague_2,1012,0.0,0.0,1.0,demand_surge,True
NoInfo,demand_surge,surge_clear_1,1013,0.35,0.35,0.3,normal,False
RuleBased,demand_surge,surge_clear_1,1013,0.30769230769230776,0.23076923076923078,0.46153846153846156,demand_surge,True
PerfectSemantic,demand_surge,surge_clear_1,1013,0.0,0.0,1.0,demand_surge,True
NoInfo,demand_surge,surge_clear_2,1013,0.35,0.35,0.3,normal,False
RuleBased,demand_surge,surge_clear_2,1013,0.0,0.33333333333333337,0.6666666666666667,demand_surge,True
PerfectSemantic,demand_surge,surge_clear_2,1013,0.0,0.0,1.0,demand_surge,True
NoInfo,demand_surge,surge_moderate_1,1013,0.35,0.35,0.3,normal,False
RuleBased,demand_surge,surge_moderate_1,1013,0.4,0.0,0.6,demand_surge,True
PerfectSemantic,demand_surge,surge_moderate_1,1013,0.0,0.0,1.0,demand_surge,True
NoInfo,demand_surge,surge_moderate_2,1013,0.35,0.35,0.3,normal,False
RuleBased,demand_surge,surge_moderate_2,1013,0.30769230769230776,0.23076923076923078,0.46153846153846156,demand_surge,True
PerfectSemantic,demand_surge,surge_moderate_2,1013,0.0,0.0,1.0,demand_surge,True
NoInfo,demand_surge,surge_vague_1,1013,0.35,0.35,0.3,normal,False
RuleBased,demand_surge,surge_vague_1,1013,0.0,0.0,1.0,demand_surge,True
PerfectSemantic,demand_surge,surge_vague_1,1013,0.0,0.0,1.0,demand_surge,True
NoInfo,demand_surge,surge_vague_2,1013,0.35,0.35,0.3,normal,False
RuleBased,demand_surge,surge_vague_2,1013,0.0,0.0,1.0,demand_surge,True
PerfectSemantic,demand_surge,surge_vague_2,1013,0.0,0.0,1.0,demand_surge,True
NoInfo,demand_surge,surge_clear_1,1014,0.35,0.35,0.3,normal,False
RuleBased,demand_surge,surge_clear_1,1014,0.30769230769230776,0.23076923076923078,0.46153846153846156,demand_surge,True
PerfectSemantic,demand_surge,surge_clear_1,1014,0.0,0.0,1.0,demand_surge,True
NoInfo,demand_surge,surge_clear_2,1014,0.35,0.35,0.3,normal,False
RuleBased,demand_surge,surge_clear_2,1014,0.0,0.33333333333333337,0.6666666666666667,demand_surge,True
PerfectSemantic,demand_surge,surge_clear_2,1014,0.0,0.0,1.0,demand_surge,True
NoInfo,demand_surge,surge_moderate_1,1014,0.35,0.35,0.3,normal,False
RuleBased,demand_surge,surge_moderate_1,1014,0.4,0.0,0.6,demand_surge,True
PerfectSemantic,demand_surge,surge_moderate_1,1014,0.0,0.0,1.0,demand_surge,True
NoInfo,demand_surge,surge_moderate_2,1014,0.35,0.35,0.3,normal,False
RuleBased,demand_surge,surge_moderate_2,1014,0.30769230769230776,0.23076923076923078,0.46153846153846156,demand_surge,True
PerfectSemantic,demand_surge,surge_moderate_2,1014,0.0,0.0,1.0,demand_surge,True
NoInfo,demand_surge,surge_vague_1,1014,0.35,0.35,0.3,normal,False
RuleBased,demand_surge,surge_vague_1,1014,0.0,0.0,1.0,demand_surge,True
PerfectSemantic,demand_surge,surge_vague_1,1014,0.0,0.0,1.0,demand_surge,True
NoInfo,demand_surge,surge_vague_2,1014,0.35,0.35,0.3,normal,False
RuleBased,demand_surge,surge_vague_2,1014,0.0,0.0,1.0,demand_surge,True
PerfectSemantic,demand_surge,surge_vague_2,1014,0.0,0.0,1.0,demand_surge,True
