seed,regime,template_id,ambiguity_level,sensor,controller,total_profit,fill_rate,total_lost_sales,avg_inventory,periods_stockout,belief_normal,belief_delay,belief_surge,most_likely_regime,belief_correct,est_lt_increase,est_duration,est_demand_multiplier
2000,normal,,,NoInfo,CausalOptimizer,1578.5999999999997,0.8950617283950617,34.0,9.11,13,0.35,0.35,0.3,normal,True,0,0,1.0
2000,normal,,,PerfectSemantic,CausalOptimizer,1794.0,0.9074074074074074,30.0,5.075,13,1.0,0.0,0.0,normal,True,0,0,1.0
2001,normal,,,NoInfo,CausalOptimizer,1934.3999999999996,0.9153623188405796,29.2,6.085000000000001,9,0.35,0.35,0.3,normal,True,0,0,1.0
2001,normal,,,PerfectSemantic,CausalOptimizer,1896.0,0.8869565217391304,39.0,2.925,10,1.0,0.0,0.0,normal,True,0,0,1.0
2002,normal,,,NoInfo,CausalOptimizer,1709.8,0.9085365853658537,30.0,7.9300000000000015,10,0.35,0.35,0.3,normal,True,0,0,1.0
2002,normal,,,PerfectSemantic,CausalOptimizer,1962.0,0.9237804878048781,25.0,3.375,13,1.0,0.0,0.0,normal,True,0,0,1.0
2000,supplier_delay,,,NoInfo,CausalOptimizer,1491.8,0.8617283950617285,44.8,5.235,16,0.35,0.35,0.3,normal,False,0,0,1.0
2000,supplier_delay,,,PerfectSemantic,CausalOptimizer,1413.0,0.8549382716049383,47.0,8.025,15,0.0,1.0,0.0,supplier_delay,True,4,10,1.0
2001,supplier_delay,,,NoInfo,CausalOptimizer,1589.0000000000005,0.8481159420289855,52.39999999999999,3.8400000000000007,11,0.35,0.35,0.3,normal,False,0,0,1.0
2001,supplier_delay,,,PerfectSemantic,CausalOptimizer,1680.0,0.8579710144927536,49.0,4.525,10,0.0,1.0,0.0,supplier_delay,True,4,10,1.0
2002,supplier_delay,,,NoInfo,CausalOptimizer,1709.2000000000005,0.8908536585365855,35.8,4.200000000000001,11,0.35,0.35,0.3,normal,False,0,0,1.0
2002,supplier_delay,,,PerfectSemantic,CausalOptimizer,1779.0,0.899390243902439,33.0,4.95,11,0.0,1.0,0.0,supplier_delay,True,4,10,1.0
2000,demand_surge,,,NoInfo,CausalOptimizer,1776.0000000000005,0.8543478260869565,53.599999999999994,4.835,14,0.35,0.35,0.3,normal,False,0,0,1.0
2000,demand_surge,,,PerfectSemantic,CausalOptimizer,2185.0,0.9429347826086957,21.0,7.7,10,0.0,0.0,1.0,demand_surge,True,0,10,1.75
2001,demand_surge,,,NoInfo,CausalOptimizer,1783.0000000000002,0.8073349633251835,78.8,2.6800000000000006,18,0.35,0.35,0.3,normal,False,0,0,1.0
2001,demand_surge,,,PerfectSemantic,CausalOptimizer,2322.0,0.8948655256723717,43.0,3.475,11,0.0,0.0,1.0,demand_surge,True,0,10,1.75
2002,demand_surge,,,NoInfo,CausalOptimizer,1890.0000000000002,0.851697127937337,56.8,3.7049999999999996,16,0.35,0.35,0.3,normal,False,0,0,1.0
2002,demand_surge,,,PerfectSemantic,CausalOptimizer,2507.0,0.9556135770234987,17.0,4.1,7,0.0,0.0,1.0,demand_surge,True,0,10,1.75
