sensor,regime,noinfo_profit,perfect_profit,sensor_profit,sivr
NoInfo,normal,1615.0533333333333,1785.0,1615.0533333333333,0.0
NoInfo,supplier_delay,1550.7999999999997,1623.5333333333333,1550.7999999999997,0.0
NoInfo,demand_surge,1868.853333333334,2242.3333333333335,1868.853333333334,0.0
RuleBased,normal,1615.0533333333333,1785.0,1657.3112698412697,0.24865410623687656
RuleBased,supplier_delay,1550.7999999999997,1623.5333333333333,1615.7572649572649,0.893087969164962
RuleBased,demand_surge,1868.853333333334,2242.3333333333335,2109.617435897436,0.6446505905646948
PerfectSemantic,normal,1615.0533333333333,1785.0,1785.0,1.0
PerfectSemantic,supplier_delay,1550.7999999999997,1623.5333333333333,1623.5333333333333,1.0
PerfectSemantic,demand_surge,1868.853333333334,2242.3333333333335,2242.3333333333335,1.0
