regime,seed,period,phase,ni_order,ps_order,ni_on_hand,ps_on_hand,ni_pipeline,ps_pipeline,ni_lost_sales,ps_lost_sales,order_diff,inventory_diff
supplier_delay,1000,10,pre_warning,8.0,8.0,0.0,0.0,40.0,40.0,2.0,2.0,0.0,0.0
supplier_delay,1000,11,pre_warning,8.0,8.0,0.0,0.0,40.0,40.0,0.0,0.0,0.0,0.0
supplier_delay,1000,12,post_warning_pre_event,8.0,8.0,0.0,0.0,40.0,40.0,0.0,0.0,0.0,0.0
supplier_delay,1000,13,post_warning_pre_event,8.0,8.0,1.0,1.0,40.0,40.0,0.0,0.0,0.0,0.0
supplier_delay,1000,14,post_warning_pre_event,8.0,8.0,3.0,3.0,40.0,40.0,0.0,0.0,0.0,0.0
supplier_delay,1000,15,post_warning_pre_event,19.6,40.0,2.0,2.0,51.6,72.0,0.0,0.0,20.4,0.0
supplier_delay,1000,16,post_warning_pre_event,9.8,8.0,0.0,0.0,53.400000000000006,72.0,0.0,0.0,-1.8000000000000007,0.0
supplier_delay,1000,17,post_warning_pre_event,9.8,8.0,0.0,0.0,55.2,72.0,1.0,1.0,-1.8000000000000007,0.0
supplier_delay,1000,18,post_warning_pre_event,9.8,8.0,0.0,0.0,57.0,72.0,3.0,3.0,-1.8000000000000007,0.0
supplier_delay,1000,19,post_warning_pre_event,9.8,8.0,0.0,0.0,58.8,72.0,0.0,0.0,-1.8000000000000007,0.0
supplier_delay,1000,20,during_event,9.8,8.0,11.600000000000001,32.0,49.0,40.0,0.0,0.0,-1.8000000000000007,20.4
supplier_delay,1000,21,during_event,8.0,0.0,6.600000000000001,27.0,57.0,40.0,0.0,0.0,-8.0,20.4
supplier_delay,1000,22,during_event,9.8,5.0,0.0,16.0,66.8,45.0,4.399999999999999,0.0,-4.800000000000001,16.0
supplier_delay,1000,23,during_event,9.8,8.0,0.0,9.0,76.6,53.0,7.0,0.0,-1.8000000000000007,9.0
supplier_delay,1000,24,during_event,8.0,8.0,0.0,4.0,84.6,61.0,5.0,0.0,0.0,4.0
supplier_delay,1001,10,pre_warning,8.0,8.0,0.0,0.0,40.0,40.0,2.0,2.0,0.0,0.0
supplier_delay,1001,11,pre_warning,8.0,8.0,3.0,3.0,40.0,40.0,0.0,0.0,0.0,0.0
supplier_delay,1001,12,post_warning_pre_event,8.0,8.0,6.0,6.0,40.0,40.0,0.0,0.0,0.0,0.0
supplier_delay,1001,13,post_warning_pre_event,8.0,8.0,10.0,10.0,40.0,40.0,0.0,0.0,0.0,0.0
supplier_delay,1001,14,post_warning_pre_event,6.0,6.0,13.0,13.0,38.0,38.0,0.0,0.0,0.0,0.0
supplier_delay,1001,15,post_warning_pre_event,16.6,37.0,13.0,13.0,46.6,67.0,0.0,0.0,20.4,0.0
supplier_delay,1001,16,post_warning_pre_event,9.8,8.0,8.0,8.0,48.400000000000006,67.0,0.0,0.0,-1.8000000000000007,0.0
supplier_delay,1001,17,post_warning_pre_event,9.8,8.0,9.0,9.0,50.2,67.0,0.0,0.0,-1.8000000000000007,0.0
supplier_delay,1001,18,post_warning_pre_event,9.8,8.0,14.0,14.0,52.0,67.0,0.0,0.0,-1.8000000000000007,0.0
supplier_delay,1001,19,post_warning_pre_event,6.800000000000001,5.0,10.0,10.0,52.8,66.0,0.0,0.0,-1.8000000000000007,0.0
supplier_delay,1001,20,during_event,9.8,8.0,21.6,42.0,46.0,37.0,0.0,0.0,-1.8000000000000007,20.4
supplier_delay,1001,21,during_event,1.0,0.0,16.6,37.0,47.0,37.0,0.0,0.0,-1.0,20.4
supplier_delay,1001,22,during_event,9.8,0.0,8.600000000000001,29.0,56.8,37.0,0.0,0.0,-9.8,20.4
supplier_delay,1001,23,during_event,9.8,6.0,3.6000000000000014,24.0,66.6,43.0,0.0,0.0,-3.8000000000000007,20.4
supplier_delay,1001,24,during_event,8.0,8.0,0.6000000000000014,21.0,74.6,51.0,0.0,0.0,0.0,20.4
supplier_delay,1002,10,pre_warning,8.0,8.0,2.0,2.0,39.0,39.0,0.0,0.0,0.0,0.0
supplier_delay,1002,11,pre_warning,8.0,8.0,0.0,0.0,39.0,39.0,0.0,0.0,0.0,0.0
supplier_delay,1002,12,post_warning_pre_event,8.0,8.0,0.0,0.0,39.0,39.0,0.0,0.0,0.0,0.0
supplier_delay,1002,13,post_warning_pre_event,8.0,8.0,4.0,4.0,39.0,39.0,0.0,0.0,0.0,0.0
supplier_delay,1002,14,post_warning_pre_event,8.0,8.0,4.0,4.0,40.0,40.0,0.0,0.0,0.0,0.0
supplier_delay,1002,15,post_warning_pre_event,19.6,40.0,8.0,8.0,51.6,72.0,0.0,0.0,20.4,0.0
supplier_delay,1002,16,post_warning_pre_event,9.8,8.0,11.0,11.0,53.400000000000006,72.0,0.0,0.0,-1.8000000000000007,0.0
supplier_delay,1002,17,post_warning_pre_event,6.800000000000001,5.0,13.0,13.0,52.2,69.0,0.0,0.0,-1.8000000000000007,0.0
supplier_delay,1002,18,post_warning_pre_event,7.800000000000001,6.0,14.0,14.0,52.0,67.0,0.0,0.0,-1.8000000000000007,0.0
supplier_delay,1002,19,post_warning_pre_event,8.8,7.0,14.0,14.0,52.8,66.0,0.0,0.0,-1.8000000000000007,0.0
supplier_delay,1002,20,during_event,9.8,8.0,27.6,48.0,43.0,34.0,0.0,0.0,-1.8000000000000007,20.4
supplier_delay,1002,21,during_event,0.0,0.0,23.6,44.0,43.0,34.0,0.0,0.0,0.0,20.4
supplier_delay,1002,22,during_event,8.8,0.0,11.600000000000001,32.0,51.8,34.0,0.0,0.0,-8.8,20.4
supplier_delay,1002,23,during_event,9.8,6.0,7.600000000000001,28.0,61.599999999999994,40.0,0.0,0.0,-3.8000000000000007,20.4
supplier_delay,1002,24,during_event,8.0,8.0,0.0,19.0,69.6,48.0,1.3999999999999986,0.0,0.0,19.0
demand_surge,1000,10,pre_warning,8.0,8.0,0.0,0.0,40.0,40.0,2.0,2.0,0.0,0.0
demand_surge,1000,11,pre_warning,8.0,8.0,0.0,0.0,40.0,40.0,0.0,0.0,0.0,0.0
demand_surge,1000,12,post_warning_pre_event,8.0,8.0,0.0,0.0,40.0,40.0,0.0,0.0,0.0,0.0
demand_surge,1000,13,post_warning_pre_event,8.0,8.0,1.0,1.0,40.0,40.0,0.0,0.0,0.0,0.0
demand_surge,1000,14,post_warning_pre_event,8.0,8.0,3.0,3.0,40.0,40.0,0.0,0.0,0.0,0.0
demand_surge,1000,15,post_warning_pre_event,19.6,14.0,2.0,2.0,51.6,46.0,0.0,0.0,-5.600000000000001,0.0
demand_surge,1000,16,post_warning_pre_event,9.8,14.0,0.0,0.0,53.400000000000006,52.0,0.0,0.0,4.199999999999999,0.0
demand_surge,1000,17,post_warning_pre_event,9.8,14.0,0.0,0.0,55.2,58.0,1.0,1.0,4.199999999999999,0.0
demand_surge,1000,18,post_warning_pre_event,9.8,14.0,0.0,0.0,57.0,64.0,3.0,3.0,4.199999999999999,0.0
demand_surge,1000,19,post_warning_pre_event,9.8,14.0,0.0,0.0,58.8,70.0,0.0,0.0,4.199999999999999,0.0
demand_surge,1000,20,during_event,9.8,14.0,0.0,0.0,49.0,70.0,0.3999999999999986,6.0,4.199999999999999,0.0
demand_surge,1000,21,during_event,9.8,14.0,0.0,0.0,49.0,70.0,7.199999999999999,3.0,4.199999999999999,0.0
demand_surge,1000,22,during_event,9.8,14.0,1.8000000000000007,6.0,49.0,70.0,0.0,0.0,4.199999999999999,4.199999999999999
demand_surge,1000,23,during_event,9.8,14.0,0.0,4.0,49.0,70.0,4.399999999999999,0.0,4.199999999999999,4.0
demand_surge,1000,24,during_event,8.0,14.0,0.8000000000000007,9.0,47.2,70.0,0.0,0.0,6.0,8.2
demand_surge,1001,10,pre_warning,8.0,8.0,0.0,0.0,40.0,40.0,2.0,2.0,0.0,0.0
demand_surge,1001,11,pre_warning,8.0,8.0,3.0,3.0,40.0,40.0,0.0,0.0,0.0,0.0
demand_surge,1001,12,post_warning_pre_event,8.0,8.0,6.0,6.0,40.0,40.0,0.0,0.0,0.0,0.0
demand_surge,1001,13,post_warning_pre_event,8.0,8.0,10.0,10.0,40.0,40.0,0.0,0.0,0.0,0.0
demand_surge,1001,14,post_warning_pre_event,6.0,6.0,13.0,13.0,38.0,38.0,0.0,0.0,0.0,0.0
demand_surge,1001,15,post_warning_pre_event,16.6,11.0,13.0,13.0,46.6,41.0,0.0,0.0,-5.600000000000001,0.0
demand_surge,1001,16,post_warning_pre_event,9.8,14.0,8.0,8.0,48.400000000000006,47.0,0.0,0.0,4.199999999999999,0.0
demand_surge,1001,17,post_warning_pre_event,9.8,14.0,9.0,9.0,50.2,53.0,0.0,0.0,4.199999999999999,0.0
demand_surge,1001,18,post_warning_pre_event,9.8,14.0,14.0,14.0,52.0,59.0,0.0,0.0,4.199999999999999,0.0
demand_surge,1001,19,post_warning_pre_event,6.800000000000001,11.0,10.0,10.0,52.8,64.0,0.0,0.0,4.199999999999999,0.0
demand_surge,1001,20,during_event,9.8,14.0,14.600000000000001,9.0,46.0,67.0,0.0,0.0,4.199999999999999,-5.600000000000001
demand_surge,1001,21,during_event,8.0,14.0,11.400000000000002,10.0,44.2,67.0,0.0,0.0,6.0,-1.4000000000000021
demand_surge,1001,22,during_event,9.8,14.0,5.200000000000003,8.0,44.2,67.0,0.0,0.0,4.199999999999999,2.799999999999997
demand_surge,1001,23,during_event,9.8,14.0,3.552713678800501e-15,7.0,44.2,67.0,0.0,0.0,4.199999999999999,6.9999999999999964
demand_surge,1001,24,during_event,8.0,14.0,0.0,3.0,45.400000000000006,70.0,8.199999999999996,0.0,6.0,3.0
demand_surge,1002,10,pre_warning,8.0,8.0,2.0,2.0,39.0,39.0,0.0,0.0,0.0,0.0
demand_surge,1002,11,pre_warning,8.0,8.0,0.0,0.0,39.0,39.0,0.0,0.0,0.0,0.0
demand_surge,1002,12,post_warning_pre_event,8.0,8.0,0.0,0.0,39.0,39.0,0.0,0.0,0.0,0.0
demand_surge,1002,13,post_warning_pre_event,8.0,8.0,4.0,4.0,39.0,39.0,0.0,0.0,0.0,0.0
demand_surge,1002,14,post_warning_pre_event,8.0,8.0,4.0,4.0,40.0,40.0,0.0,0.0,0.0,0.0
demand_surge,1002,15,post_warning_pre_event,19.6,14.0,8.0,8.0,51.6,46.0,0.0,0.0,-5.600000000000001,0.0
demand_surge,1002,16,post_warning_pre_event,9.8,14.0,11.0,11.0,53.400000000000006,52.0,0.0,0.0,4.199999999999999,0.0
demand_surge,1002,17,post_warning_pre_event,6.800000000000001,11.0,13.0,13.0,52.2,55.0,0.0,0.0,4.199999999999999,0.0
demand_surge,1002,18,post_warning_pre_event,7.800000000000001,12.0,14.0,14.0,52.0,59.0,0.0,0.0,4.199999999999999,0.0
demand_surge,1002,19,post_warning_pre_event,8.8,13.0,14.0,14.0,52.8,64.0,0.0,0.0,4.199999999999999,0.0
demand_surge,1002,20,during_event,9.8,14.0,25.6,20.0,43.0,64.0,0.0,0.0,4.199999999999999,-5.600000000000001
demand_surge,1002,21,during_event,0.0,11.0,12.400000000000006,11.0,33.2,61.0,0.0,0.0,11.0,-1.4000000000000057
demand_surge,1002,22,during_event,9.8,14.0,8.200000000000006,11.0,36.2,64.0,0.0,0.0,4.199999999999999,2.7999999999999936
demand_surge,1002,23,during_event,9.8,14.0,0.0,5.0,38.2,66.0,1.999999999999993,0.0,4.199999999999999,5.0
demand_surge,1002,24,during_event,8.0,14.0,0.0,3.0,37.400000000000006,67.0,6.199999999999999,0.0,6.0,3.0
