sensor,template_id,seed,period,phase,P_surge,action_sum,reward,inventory_position
NoInfo,cs_clear_1,3100,0,pre_surge,0.3,0.0,21.42,100.0
NoInfo,cs_clear_1,3100,1,pre_surge,0.3,0.0,15.75,86.0
NoInfo,cs_clear_1,3100,2,pre_surge,0.3,0.0,14.05,75.0
NoInfo,cs_clear_1,3100,3,pre_surge,0.3,0.0,26.53,65.0
NoInfo,cs_clear_1,3100,4,pre_surge,0.3,14.898319209031165,10.91898319209031,49.0
NoInfo,cs_clear_1,3100,5,pre_surge,0.3,8.0,9.208983192090312,41.0
NoInfo,cs_clear_1,3100,6,pre_surge,0.3,7.0,13.548983192090311,34.0
NoInfo,cs_clear_1,3100,7,pre_surge,0.3,9.0,9.84898319209031,25.0
NoInfo,cs_clear_1,3100,8,pre_surge,0.3,9.796638418062336,9.817033615819376,18.0
NoInfo,cs_clear_1,3100,9,pre_surge,0.3,14.0,16.02,25.898319209031165
NoInfo,cs_clear_1,3100,10,pre_surge,0.3,17.0,12.254999999999999,23.898319209031165
NoInfo,cs_clear_1,3100,11,pre_surge,0.3,18.0,24.595,22.898319209031165
NoInfo,cs_clear_1,3100,12,pre_surge,0.3,22.0,20.973050423729063,17.898319209031165
NoInfo,cs_clear_1,3100,13,pre_surge,0.3,26.0,13.098050423729065,12.898319209031165
NoInfo,cs_clear_1,3100,14,pre_surge,0.3,20.0,17.253050423729064,11.898319209031165
NoInfo,cs_clear_1,3100,15,surge,0.3,18.0,35.69305042372906,11.898319209031165
NoInfo,cs_clear_1,3100,16,surge,0.3,29.0,27.27545353105576,0.8983192090311647
NoInfo,cs_clear_1,3100,17,surge,0.3,33.898319209031165,20.809323516948275,0.0
NoInfo,cs_clear_1,3100,18,surge,0.3,34.0,11.528306709038585,0.0
NoInfo,cs_clear_1,3100,19,surge,0.3,34.0,14.938306709038583,0.0
NoInfo,cs_clear_1,3100,20,surge,0.3,30.0,18.453760240094343,0.0
NoInfo,cs_clear_1,3100,21,surge,0.3,29.898319209031165,9.638647033896545,0.0
NoInfo,cs_clear_1,3100,22,surge,0.3,29.898319209031165,20.907630225986857,0.0
NoInfo,cs_clear_1,3100,23,surge,0.3,33.898319209031165,16.2381386299417,0.0
NoInfo,cs_clear_1,3100,24,surge,0.3,34.0,7.257121822032014,0.0
NoInfo,cs_clear_1,3100,25,surge,0.3,34.0,9.967121822032011,0.0
NoInfo,cs_clear_1,3100,26,surge,0.3,30.0,13.18257535308777,0.0
NoInfo,cs_clear_1,3100,27,surge,0.3,29.898319209031165,4.167462146889972,0.0
NoInfo,cs_clear_1,3100,28,surge,0.3,32.440755649671424,14.17276913843437,0.0
NoInfo,cs_clear_1,3100,29,surge,0.3,43.898319209031165,9.11791359461364,0.0
RuleBased,cs_clear_1,3100,0,pre_surge,1.0,0.0,21.42,100.0
RuleBased,cs_clear_1,3100,1,pre_surge,1.0,8.758048651498612,15.837580486514987,86.0
RuleBased,cs_clear_1,3100,2,pre_surge,1.0,14.516097302997224,14.23,75.0
RuleBased,cs_clear_1,3100,3,pre_surge,1.0,21.0,26.79016097302997,65.0
RuleBased,cs_clear_1,3100,4,pre_surge,1.0,26.0,11.250160973029972,49.0
RuleBased,cs_clear_1,3100,5,pre_surge,1.0,24.0,9.384999999999998,41.0
RuleBased,cs_clear_1,3100,6,pre_surge,1.0,15.0,13.57225854045504,42.75804865149861
RuleBased,cs_clear_1,3100,7,pre_surge,1.0,16.0,9.55225854045504,44.75804865149861
RuleBased,cs_clear_1,3100,8,pre_surge,1.0,16.0,9.387258540455042,47.75804865149861
RuleBased,cs_clear_1,3100,9,pre_surge,1.0,14.0,15.41225854045504,56.75804865149861
RuleBased,cs_clear_1,3100,10,pre_surge,1.0,17.0,11.52725854045504,54.75804865149861
RuleBased,cs_clear_1,3100,11,pre_surge,1.0,18.0,23.762258540455043,53.75804865149861
RuleBased,cs_clear_1,3100,12,pre_surge,1.0,22.0,20.04725854045504,48.75804865149861
RuleBased,cs_clear_1,3100,13,pre_surge,1.0,26.0,12.172258540455042,43.75804865149861
RuleBased,cs_clear_1,3100,14,pre_surge,1.0,20.0,16.32725854045504,42.75804865149861
RuleBased,cs_clear_1,3100,15,surge,1.0,18.0,34.767258540455046,42.75804865149861
RuleBased,cs_clear_1,3100,16,surge,1.0,29.0,35.15725854045504,31.758048651498612
RuleBased,cs_clear_1,3100,17,surge,1.0,38.0,35.472258540455044,26.758048651498612
RuleBased,cs_clear_1,3100,18,surge,1.0,38.0,42.077258540455034,19.758048651498612
RuleBased,cs_clear_1,3100,19,surge,1.0,41.0,29.91448265466207,5.758048651498612
RuleBased,cs_clear_1,3100,20,surge,1.0,42.65317028024514,30.75481017982706,0.0
RuleBased,cs_clear_1,3100,21,surge,1.0,55.0,35.45704134055243,1.758048651498612
RuleBased,cs_clear_1,3100,22,surge,1.0,71.51609730299722,37.67865598888758,1.758048651498612
RuleBased,cs_clear_1,3100,23,surge,1.0,87.3790243257493,37.03817519828058,0.0
RuleBased,cs_clear_1,3100,24,surge,1.0,104.65317028024515,11.436790375471416,0.0
RuleBased,cs_clear_1,3100,25,surge,1.0,107.75804865149861,15.26933643573839,0.0
RuleBased,cs_clear_1,3100,26,surge,1.0,115.27414595449585,32.25300013221392,0.0
RuleBased,cs_clear_1,3100,27,surge,1.0,129.3790243257493,33.37554619248089,0.0
RuleBased,cs_clear_1,3100,28,surge,1.0,145.89512162874652,31.95920988895643,0.0
RuleBased,cs_clear_1,3100,29,surge,1.0,160.0,-1.467209360100739,0.0
OracleSemantic,cs_clear_1,3100,0,pre_surge,1.0,0.0,21.42,100.0
OracleSemantic,cs_clear_1,3100,1,pre_surge,1.0,8.758048651498612,15.837580486514987,86.0
OracleSemantic,cs_clear_1,3100,2,pre_surge,1.0,14.516097302997224,14.23,75.0
OracleSemantic,cs_clear_1,3100,3,pre_surge,1.0,21.0,26.79016097302997,65.0
OracleSemantic,cs_clear_1,3100,4,pre_surge,1.0,26.0,11.250160973029972,49.0
OracleSemantic,cs_clear_1,3100,5,pre_surge,1.0,24.0,9.384999999999998,41.0
OracleSemantic,cs_clear_1,3100,6,pre_surge,1.0,15.0,13.57225854045504,42.75804865149861
OracleSemantic,cs_clear_1,3100,7,pre_surge,1.0,16.0,9.55225854045504,44.75804865149861
OracleSemantic,cs_clear_1,3100,8,pre_surge,1.0,16.0,9.387258540455042,47.75804865149861
OracleSemantic,cs_clear_1,3100,9,pre_surge,1.0,14.0,15.41225854045504,56.75804865149861
OracleSemantic,cs_clear_1,3100,10,pre_surge,1.0,17.0,11.52725854045504,54.75804865149861
OracleSemantic,cs_clear_1,3100,11,pre_surge,1.0,18.0,23.762258540455043,53.75804865149861
OracleSemantic,cs_clear_1,3100,12,pre_surge,1.0,22.0,20.04725854045504,48.75804865149861
OracleSemantic,cs_clear_1,3100,13,pre_surge,1.0,26.0,12.172258540455042,43.75804865149861
OracleSemantic,cs_clear_1,3100,14,pre_surge,1.0,20.0,16.32725854045504,42.75804865149861
OracleSemantic,cs_clear_1,3100,15,surge,1.0,18.0,34.767258540455046,42.75804865149861
OracleSemantic,cs_clear_1,3100,16,surge,1.0,29.0,35.15725854045504,31.758048651498612
OracleSemantic,cs_clear_1,3100,17,surge,1.0,38.0,35.472258540455044,26.758048651498612
OracleSemantic,cs_clear_1,3100,18,surge,1.0,38.0,42.077258540455034,19.758048651498612
OracleSemantic,cs_clear_1,3100,19,surge,1.0,41.0,29.91448265466207,5.758048651498612
OracleSemantic,cs_clear_1,3100,20,surge,1.0,42.65317028024514,30.75481017982706,0.0
OracleSemantic,cs_clear_1,3100,21,surge,1.0,55.0,35.45704134055243,1.758048651498612
OracleSemantic,cs_clear_1,3100,22,surge,1.0,71.51609730299722,37.67865598888758,1.758048651498612
OracleSemantic,cs_clear_1,3100,23,surge,1.0,87.3790243257493,37.03817519828058,0.0
OracleSemantic,cs_clear_1,3100,24,surge,1.0,104.65317028024515,11.436790375471416,0.0
OracleSemantic,cs_clear_1,3100,25,surge,1.0,107.75804865149861,15.26933643573839,0.0
OracleSemantic,cs_clear_1,3100,26,surge,1.0,115.27414595449585,32.25300013221392,0.0
OracleSemantic,cs_clear_1,3100,27,surge,1.0,129.3790243257493,33.37554619248089,0.0
OracleSemantic,cs_clear_1,3100,28,surge,1.0,145.89512162874652,31.95920988895643,0.0
OracleSemantic,cs_clear_1,3100,29,surge,1.0,160.0,-1.467209360100739,0.0
TFIDF_LogReg_Raw,cs_clear_1,3100,0,pre_surge,0.6340948052817866,0.0,21.42,100.0
TFIDF_LogReg_Raw,cs_clear_1,3100,1,pre_surge,0.6340948052817866,0.0,15.75,86.0
TFIDF_LogReg_Raw,cs_clear_1,3100,2,pre_surge,0.6340948052817866,3.703691922108362,14.087036919221084,75.0
TFIDF_LogReg_Raw,cs_clear_1,3100,3,pre_surge,0.6340948052817866,10.0,26.667036919221083,65.0
TFIDF_LogReg_Raw,cs_clear_1,3100,4,pre_surge,0.6340948052817866,16.0,11.067036919221083,49.0
TFIDF_LogReg_Raw,cs_clear_1,3100,5,pre_surge,0.6340948052817866,16.407383844216724,9.315,41.0
TFIDF_LogReg_Raw,cs_clear_1,3100,6,pre_surge,0.6340948052817866,15.0,13.625,34.0
TFIDF_LogReg_Raw,cs_clear_1,3100,7,pre_surge,0.6340948052817866,16.0,9.77,28.703691922108362
TFIDF_LogReg_Raw,cs_clear_1,3100,8,pre_surge,0.6340948052817866,16.0,9.755,31.703691922108362
TFIDF_LogReg_Raw,cs_clear_1,3100,9,pre_surge,0.6340948052817866,14.0,15.893889242336748,40.70369192210836
TFIDF_LogReg_Raw,cs_clear_1,3100,10,pre_surge,0.6340948052817866,17.0,12.00888924233675,38.70369192210836
TFIDF_LogReg_Raw,cs_clear_1,3100,11,pre_surge,0.6340948052817866,18.0,24.24388924233675,37.70369192210836
TFIDF_LogReg_Raw,cs_clear_1,3100,12,pre_surge,0.6340948052817866,22.0,20.52888924233675,32.70369192210836
TFIDF_LogReg_Raw,cs_clear_1,3100,13,pre_surge,0.6340948052817866,26.0,12.653889242336748,27.703691922108362
TFIDF_LogReg_Raw,cs_clear_1,3100,14,pre_surge,0.6340948052817866,20.0,16.80888924233675,26.703691922108362
TFIDF_LogReg_Raw,cs_clear_1,3100,15,surge,0.6340948052817866,18.0,35.248889242336745,26.703691922108362
TFIDF_LogReg_Raw,cs_clear_1,3100,16,surge,0.6340948052817866,29.0,35.638889242336745,15.703691922108362
TFIDF_LogReg_Raw,cs_clear_1,3100,17,surge,0.6340948052817866,38.0,35.92092616155783,10.703691922108362
TFIDF_LogReg_Raw,cs_clear_1,3100,18,surge,0.6340948052817866,38.0,20.561271496038103,3.703691922108362
TFIDF_LogReg_Raw,cs_clear_1,3100,19,surge,0.6340948052817866,34.0,16.64092457104246,0.0
TFIDF_LogReg_Raw,cs_clear_1,3100,20,surge,0.6340948052817866,30.0,35.14092457104246,0.0
TFIDF_LogReg_Raw,cs_clear_1,3100,21,surge,0.6340948052817866,37.0,28.270714526691105,0.0
TFIDF_LogReg_Raw,cs_clear_1,3100,22,surge,0.6340948052817866,44.70369192210836,24.087775303642754,0.0
TFIDF_LogReg_Raw,cs_clear_1,3100,23,surge,0.6340948052817866,48.70369192210836,19.490367601695464,0.0
TFIDF_LogReg_Raw,cs_clear_1,3100,24,surge,0.6340948052817866,54.4847175438519,7.157582417768802,0.0
TFIDF_LogReg_Raw,cs_clear_1,3100,25,surge,0.6340948052817866,55.81476768843345,13.159207596200936,0.0
TFIDF_LogReg_Raw,cs_clear_1,3100,26,surge,0.6340948052817866,65.81476768843345,27.944232668491708,0.0
TFIDF_LogReg_Raw,cs_clear_1,3100,27,surge,0.6340948052817866,78.144817833015,24.18731393906737,0.0
TFIDF_LogReg_Raw,cs_clear_1,3100,28,surge,0.6340948052817866,93.84850975512336,16.81384440947816,0.0
TFIDF_LogReg_Raw,cs_clear_1,3100,29,surge,0.6340948052817866,101.17855989970491,15.535420340079021,0.0
TFIDF_LogReg_Calibrated,cs_clear_1,3100,0,pre_surge,1.0,0.0,21.42,100.0
TFIDF_LogReg_Calibrated,cs_clear_1,3100,1,pre_surge,1.0,8.758048651498612,15.837580486514987,86.0
TFIDF_LogReg_Calibrated,cs_clear_1,3100,2,pre_surge,1.0,14.516097302997224,14.23,75.0
TFIDF_LogReg_Calibrated,cs_clear_1,3100,3,pre_surge,1.0,21.0,26.79016097302997,65.0
TFIDF_LogReg_Calibrated,cs_clear_1,3100,4,pre_surge,1.0,26.0,11.250160973029972,49.0
TFIDF_LogReg_Calibrated,cs_clear_1,3100,5,pre_surge,1.0,24.0,9.384999999999998,41.0
TFIDF_LogReg_Calibrated,cs_clear_1,3100,6,pre_surge,1.0,15.0,13.57225854045504,42.75804865149861
TFIDF_LogReg_Calibrated,cs_clear_1,3100,7,pre_surge,1.0,16.0,9.55225854045504,44.75804865149861
TFIDF_LogReg_Calibrated,cs_clear_1,3100,8,pre_surge,1.0,16.0,9.387258540455042,47.75804865149861
TFIDF_LogReg_Calibrated,cs_clear_1,3100,9,pre_surge,1.0,14.0,15.41225854045504,56.75804865149861
TFIDF_LogReg_Calibrated,cs_clear_1,3100,10,pre_surge,1.0,17.0,11.52725854045504,54.75804865149861
TFIDF_LogReg_Calibrated,cs_clear_1,3100,11,pre_surge,1.0,18.0,23.762258540455043,53.75804865149861
TFIDF_LogReg_Calibrated,cs_clear_1,3100,12,pre_surge,1.0,22.0,20.04725854045504,48.75804865149861
TFIDF_LogReg_Calibrated,cs_clear_1,3100,13,pre_surge,1.0,26.0,12.172258540455042,43.75804865149861
TFIDF_LogReg_Calibrated,cs_clear_1,3100,14,pre_surge,1.0,20.0,16.32725854045504,42.75804865149861
TFIDF_LogReg_Calibrated,cs_clear_1,3100,15,surge,1.0,18.0,34.767258540455046,42.75804865149861
TFIDF_LogReg_Calibrated,cs_clear_1,3100,16,surge,1.0,29.0,35.15725854045504,31.758048651498612
TFIDF_LogReg_Calibrated,cs_clear_1,3100,17,surge,1.0,38.0,35.472258540455044,26.758048651498612
TFIDF_LogReg_Calibrated,cs_clear_1,3100,18,surge,1.0,38.0,42.077258540455034,19.758048651498612
TFIDF_LogReg_Calibrated,cs_clear_1,3100,19,surge,1.0,41.0,29.91448265466207,5.758048651498612
TFIDF_LogReg_Calibrated,cs_clear_1,3100,20,surge,1.0,42.65317028024514,30.75481017982706,0.0
TFIDF_LogReg_Calibrated,cs_clear_1,3100,21,surge,1.0,55.0,35.45704134055243,1.758048651498612
TFIDF_LogReg_Calibrated,cs_clear_1,3100,22,surge,1.0,71.51609730299722,37.67865598888758,1.758048651498612
TFIDF_LogReg_Calibrated,cs_clear_1,3100,23,surge,1.0,87.3790243257493,37.03817519828058,0.0
TFIDF_LogReg_Calibrated,cs_clear_1,3100,24,surge,1.0,104.65317028024515,11.436790375471416,0.0
TFIDF_LogReg_Calibrated,cs_clear_1,3100,25,surge,1.0,107.75804865149861,15.26933643573839,0.0
TFIDF_LogReg_Calibrated,cs_clear_1,3100,26,surge,1.0,115.27414595449585,32.25300013221392,0.0
TFIDF_LogReg_Calibrated,cs_clear_1,3100,27,surge,1.0,129.3790243257493,33.37554619248089,0.0
TFIDF_LogReg_Calibrated,cs_clear_1,3100,28,surge,1.0,145.89512162874652,31.95920988895643,0.0
TFIDF_LogReg_Calibrated,cs_clear_1,3100,29,surge,1.0,160.0,-1.467209360100739,0.0
