sensor,template_id,seed,period,phase,P_capacity_drop,action_sum,reward,inventory_position
NoInfo,cd_clear_1,4000,0,pre_disruption,0.5,2671.986258238257,78.82999999999998,100.0
NoInfo,cd_clear_1,4000,1,pre_disruption,0.5,2099.986258238257,71.54999999999995,51.0
NoInfo,cd_clear_1,4000,2,pre_disruption,0.5,1407.986258238257,-3.605457772189851,7.0
NoInfo,cd_clear_1,4000,3,pre_disruption,0.5,1099.9410725874102,146.86386444304748,0.0
NoInfo,cd_clear_1,4000,4,pre_disruption,0.5,919.9410725874102,-17.43613555695255,0.0
NoInfo,cd_clear_1,4000,5,pre_disruption,0.5,766.6101201457222,202.48008707342225,0.0
NoInfo,cd_clear_1,4000,6,pre_disruption,0.5,939.9410725874102,-13.96284031788553,0.0
NoInfo,cd_clear_1,4000,7,pre_disruption,0.5,893.272025029098,-25.653258164369316,0.0
NoInfo,cd_clear_1,4000,8,pre_disruption,0.5,846.6029774707858,-23.676185555677094,0.0
NoInfo,cd_clear_1,4000,9,pre_disruption,0.5,799.9339299124737,-39.396603402160906,0.0
NoInfo,cd_clear_1,4000,10,disruption,0.5,735.5359962592429,-36.933603308083036,0.0
NoInfo,cd_clear_1,4000,11,disruption,0.5,647.8438827473161,-53.666238845196816,0.0
NoInfo,cd_clear_1,4000,12,disruption,0.5,488.6787392860707,-61.98911487760602,0.0
NoInfo,cd_clear_1,4000,13,disruption,0.5,293.25773967922527,-67.01537804440669,0.0
NoInfo,cd_clear_1,4000,14,disruption,0.5,246.58869212091315,123.97106178585928,0.0
NoInfo,cd_clear_1,4000,15,disruption,0.5,379.9196445626011,261.4723342874141,0.0
NoInfo,cd_clear_1,4000,16,disruption,0.5,652.7242490734538,-49.062997377398915,0.0
NoInfo,cd_clear_1,4000,17,disruption,0.5,573.2577396792252,-61.16273743912002,0.0
NoInfo,cd_clear_1,4000,18,disruption,0.5,477.8367400723797,131.78337936372108,0.0
NoInfo,cd_clear_1,4000,19,disruption,0.5,466.5815494459768,79.24984174324109,0.0
NoInfo,cd_clear_1,4000,20,disruption,0.5,576.581549445977,137.11368473187122,0.0
NoInfo,cd_clear_1,4000,21,disruption,0.5,681.9811210280135,82.6400896293426,0.0
NoInfo,cd_clear_1,4000,22,disruption,0.5,769.9267872375374,3.937228951792065,0.0
NoInfo,cd_clear_1,4000,23,disruption,0.5,744.491502280819,33.518352540249296,0.0
NoInfo,cd_clear_1,4000,24,disruption,0.5,726.5886921209136,99.56160215343465,0.0
NoInfo,cd_clear_1,4000,25,post_disruption,0.5,789.9053592127285,78.71438888059065,0.0
NoInfo,cd_clear_1,4000,26,post_disruption,0.5,849.8767885129828,61.36806999413302,0.0
NoInfo,cd_clear_1,4000,27,post_disruption,0.5,881.8954089287766,72.79403102949159,0.0
NoInfo,cd_clear_1,4000,28,post_disruption,0.5,889.933929912474,29.78505026990537,0.0
NoInfo,cd_clear_1,4000,29,post_disruption,0.5,956.8886844682442,103.90165208295612,0.0
RuleBased,cd_clear_1,4000,0,pre_disruption,1.0,2902.979387357385,78.82999999999998,100.0
RuleBased,cd_clear_1,4000,1,pre_disruption,1.0,2330.979387357385,71.54999999999995,51.0
RuleBased,cd_clear_1,4000,2,pre_disruption,1.0,1638.9793873573851,-4.033186658284791,7.0
RuleBased,cd_clear_1,4000,3,pre_disruption,1.0,1369.5125669032334,146.78446916349998,0.0
RuleBased,cd_clear_1,4000,4,pre_disruption,1.0,1186.5782755477815,-17.351210520594705,0.0
RuleBased,cd_clear_1,4000,5,pre_disruption,1.0,1056.5818468852497,198.1969848225125,0.0
RuleBased,cd_clear_1,4000,6,pre_disruption,1.0,1206.5782755477815,-14.267406264449185,0.0
RuleBased,cd_clear_1,4000,7,pre_disruption,1.0,1136.5747042103133,-30.05303303417485,0.0
RuleBased,cd_clear_1,4000,8,pre_disruption,1.0,1066.571132872845,-24.09742412113652,0.0
RuleBased,cd_clear_1,4000,9,pre_disruption,1.0,996.5675615353769,-43.913050890862216,0.0
RuleBased,cd_clear_1,4000,10,disruption,1.0,746.5639901979087,-37.150621493433675,0.0
RuleBased,cd_clear_1,4000,11,disruption,1.0,809.9688753867965,-57.879935165005435,0.0
RuleBased,cd_clear_1,4000,12,disruption,1.0,642.0327983626103,-64.76649406562669,0.0
RuleBased,cd_clear_1,4000,13,disruption,1.0,321.55506185423815,-72.01266352097423,0.0
RuleBased,cd_clear_1,4000,14,disruption,1.0,251.55149051676995,121.80813963533068,0.0
RuleBased,cd_clear_1,4000,15,disruption,1.0,361.54791917930174,305.9330449948878,0.0
RuleBased,cd_clear_1,4000,16,disruption,1.0,661.9448092042883,-48.69863187050261,0.0
RuleBased,cd_clear_1,4000,17,disruption,1.0,615.077729429498,-63.976067851436525,0.0
RuleBased,cd_clear_1,4000,18,disruption,1.0,513.0020379104985,130.13955247580964,0.0
RuleBased,cd_clear_1,4000,19,disruption,1.0,401.54791917930174,126.5091397022956,0.0
RuleBased,cd_clear_1,4000,20,disruption,1.0,511.53720516689714,140.2611438349427,0.0
RuleBased,cd_clear_1,4000,21,disruption,1.0,696.535419498163,133.2210627887424,0.0
RuleBased,cd_clear_1,4000,22,disruption,1.0,690.0723724232957,-47.09859909022915,0.0
RuleBased,cd_clear_1,4000,23,disruption,1.0,746.5247054857584,134.55454450352045,0.0
RuleBased,cd_clear_1,4000,24,disruption,1.0,510.7298265833035,-41.72786164868569,0.0
RuleBased,cd_clear_1,4000,25,post_disruption,1.0,498.58505712410397,319.63929193536546,0.0
RuleBased,cd_clear_1,4000,26,post_disruption,1.0,757.1059390306298,-30.892479757450374,0.0
RuleBased,cd_clear_1,4000,27,post_disruption,1.0,1068.7064108479442,142.03727634580508,0.0
RuleBased,cd_clear_1,4000,28,post_disruption,1.0,872.2469351105451,-39.84475257275835,0.0
RuleBased,cd_clear_1,4000,29,post_disruption,1.0,681.4979204547469,333.434410780437,0.0
OracleSemantic,cd_clear_1,4000,0,pre_disruption,1.0,2902.979387357385,78.82999999999998,100.0
OracleSemantic,cd_clear_1,4000,1,pre_disruption,1.0,2330.979387357385,71.54999999999995,51.0
OracleSemantic,cd_clear_1,4000,2,pre_disruption,1.0,1638.9793873573851,-4.033186658284791,7.0
OracleSemantic,cd_clear_1,4000,3,pre_disruption,1.0,1369.5125669032334,146.78446916349998,0.0
OracleSemantic,cd_clear_1,4000,4,pre_disruption,1.0,1186.5782755477815,-17.351210520594705,0.0
OracleSemantic,cd_clear_1,4000,5,pre_disruption,1.0,1056.5818468852497,198.1969848225125,0.0
OracleSemantic,cd_clear_1,4000,6,pre_disruption,1.0,1206.5782755477815,-14.267406264449185,0.0
OracleSemantic,cd_clear_1,4000,7,pre_disruption,1.0,1136.5747042103133,-30.05303303417485,0.0
OracleSemantic,cd_clear_1,4000,8,pre_disruption,1.0,1066.571132872845,-24.09742412113652,0.0
OracleSemantic,cd_clear_1,4000,9,pre_disruption,1.0,996.5675615353769,-43.913050890862216,0.0
OracleSemantic,cd_clear_1,4000,10,disruption,1.0,746.5639901979087,-37.150621493433675,0.0
OracleSemantic,cd_clear_1,4000,11,disruption,1.0,809.9688753867965,-57.879935165005435,0.0
OracleSemantic,cd_clear_1,4000,12,disruption,1.0,642.0327983626103,-64.76649406562669,0.0
OracleSemantic,cd_clear_1,4000,13,disruption,1.0,321.55506185423815,-72.01266352097423,0.0
OracleSemantic,cd_clear_1,4000,14,disruption,1.0,251.55149051676995,121.80813963533068,0.0
OracleSemantic,cd_clear_1,4000,15,disruption,1.0,361.54791917930174,305.9330449948878,0.0
OracleSemantic,cd_clear_1,4000,16,disruption,1.0,661.9448092042883,-48.69863187050261,0.0
OracleSemantic,cd_clear_1,4000,17,disruption,1.0,615.077729429498,-63.976067851436525,0.0
OracleSemantic,cd_clear_1,4000,18,disruption,1.0,513.0020379104985,130.13955247580964,0.0
OracleSemantic,cd_clear_1,4000,19,disruption,1.0,401.54791917930174,126.5091397022956,0.0
OracleSemantic,cd_clear_1,4000,20,disruption,1.0,511.53720516689714,140.2611438349427,0.0
OracleSemantic,cd_clear_1,4000,21,disruption,1.0,696.535419498163,133.2210627887424,0.0
OracleSemantic,cd_clear_1,4000,22,disruption,1.0,690.0723724232957,-47.09859909022915,0.0
OracleSemantic,cd_clear_1,4000,23,disruption,1.0,746.5247054857584,134.55454450352045,0.0
OracleSemantic,cd_clear_1,4000,24,disruption,1.0,510.7298265833035,-41.72786164868569,0.0
OracleSemantic,cd_clear_1,4000,25,post_disruption,1.0,498.58505712410397,319.63929193536546,0.0
OracleSemantic,cd_clear_1,4000,26,post_disruption,1.0,757.1059390306298,-30.892479757450374,0.0
OracleSemantic,cd_clear_1,4000,27,post_disruption,1.0,1068.7064108479442,142.03727634580508,0.0
OracleSemantic,cd_clear_1,4000,28,post_disruption,1.0,872.2469351105451,-39.84475257275835,0.0
OracleSemantic,cd_clear_1,4000,29,post_disruption,1.0,681.4979204547469,333.434410780437,0.0
TFIDF_LogReg_Raw,cd_clear_1,4000,0,pre_disruption,0.6601084723494781,2745.9541722912354,78.82999999999998,100.0
TFIDF_LogReg_Raw,cd_clear_1,4000,1,pre_disruption,0.6601084723494781,2173.9541722912354,71.54999999999995,51.0
TFIDF_LogReg_Raw,cd_clear_1,4000,2,pre_disruption,0.6601084723494781,1481.9541722912356,-3.7424238092546602,7.0
TFIDF_LogReg_Raw,cd_clear_1,4000,3,pre_disruption,0.6601084723494781,1185.3228230624557,146.89810595231367,0.0
TFIDF_LogReg_Raw,cd_clear_1,4000,4,pre_disruption,0.6601084723494781,1005.3228230624557,-17.401894047686326,0.0
TFIDF_LogReg_Raw,cd_clear_1,4000,5,pre_disruption,0.6601084723494781,859.4639805313343,201.1207800843678,0.0
TFIDF_LogReg_Raw,cd_clear_1,4000,6,pre_disruption,0.6601084723494781,1025.3228230624557,-14.048152567188396,0.0
TFIDF_LogReg_Raw,cd_clear_1,4000,7,pre_disruption,0.6601084723494781,971.181665593577,-27.0499257029766,0.0
TFIDF_LogReg_Raw,cd_clear_1,4000,8,pre_disruption,0.6601084723494781,917.0405081246984,-23.798858354532797,0.0
TFIDF_LogReg_Raw,cd_clear_1,4000,9,pre_disruption,0.6601084723494781,862.8993506558197,-40.83063149032102,0.0
TFIDF_LogReg_Raw,cd_clear_1,4000,10,disruption,0.6601084723494781,722.546288559621,-37.01476815931812,0.0
TFIDF_LogReg_Raw,cd_clear_1,4000,11,disruption,0.6601084723494781,684.6170357180624,-54.85813057981126,0.0
TFIDF_LogReg_Raw,cd_clear_1,4000,12,disruption,0.6601084723494781,538.0476816479572,-63.07413544564712,0.0
TFIDF_LogReg_Raw,cd_clear_1,4000,13,disruption,0.6601084723494781,326.33472078030513,-68.83315028956157,0.0
TFIDF_LogReg_Raw,cd_clear_1,4000,14,disruption,0.6601084723494781,272.1935633114265,123.5043272986724,0.0
TFIDF_LogReg_Raw,cd_clear_1,4000,15,disruption,0.6601084723494781,398.05240584254784,275.46039642221814,0.0
TFIDF_LogReg_Raw,cd_clear_1,4000,16,disruption,0.6601084723494781,644.0876109977664,-48.64284713929018,0.0
TFIDF_LogReg_Raw,cd_clear_1,4000,17,disruption,0.6601084723494781,606.3347207803051,-62.22515003664667,0.0
TFIDF_LogReg_Raw,cd_clear_1,4000,18,disruption,0.6601084723494781,494.62175991265303,132.43546830811718,0.0
TFIDF_LogReg_Raw,cd_clear_1,4000,19,disruption,0.6601084723494781,469.77009090479055,94.16787017712385,0.0
TFIDF_LogReg_Raw,cd_clear_1,4000,20,disruption,0.6601084723494781,579.7700909047905,138.6080081794289,0.0
TFIDF_LogReg_Raw,cd_clear_1,4000,21,disruption,0.6601084723494781,713.9065241790786,98.31085458004472,0.0
TFIDF_LogReg_Raw,cd_clear_1,4000,22,disruption,0.6601084723494781,754.621759912653,-11.070862904564777,0.0
TFIDF_LogReg_Raw,cd_clear_1,4000,23,disruption,0.6601084723494781,729.365689739263,65.65215474641076,0.0
TFIDF_LogReg_Raw,cd_clear_1,4000,24,disruption,0.6601084723494781,699.0643035603973,54.72080699040512,0.0
TFIDF_LogReg_Raw,cd_clear_1,4000,25,post_disruption,0.6601084723494781,736.6408311537614,156.4086497198816,0.0
TFIDF_LogReg_Raw,cd_clear_1,4000,26,post_disruption,0.6601084723494781,840.1744920703181,27.68716535854047,0.0
TFIDF_LogReg_Raw,cd_clear_1,4000,27,post_disruption,0.6601084723494781,992.1888391168359,103.9947660169021,0.0
TFIDF_LogReg_Raw,cd_clear_1,4000,28,post_disruption,0.6601084723494781,864.3156495391968,-7.549615833762871,0.0
TFIDF_LogReg_Raw,cd_clear_1,4000,29,post_disruption,0.6601084723494781,798.2649496185234,195.94627394008387,0.0
TFIDF_LogReg_Calibrated,cd_clear_1,4000,0,pre_disruption,1.0,2902.979387357385,78.82999999999998,100.0
TFIDF_LogReg_Calibrated,cd_clear_1,4000,1,pre_disruption,1.0,2330.979387357385,71.54999999999995,51.0
TFIDF_LogReg_Calibrated,cd_clear_1,4000,2,pre_disruption,1.0,1638.9793873573851,-4.033186658284791,7.0
TFIDF_LogReg_Calibrated,cd_clear_1,4000,3,pre_disruption,1.0,1369.5125669032334,146.78446916349998,0.0
TFIDF_LogReg_Calibrated,cd_clear_1,4000,4,pre_disruption,1.0,1186.5782755477815,-17.351210520594705,0.0
TFIDF_LogReg_Calibrated,cd_clear_1,4000,5,pre_disruption,1.0,1056.5818468852497,198.1969848225125,0.0
TFIDF_LogReg_Calibrated,cd_clear_1,4000,6,pre_disruption,1.0,1206.5782755477815,-14.267406264449185,0.0
TFIDF_LogReg_Calibrated,cd_clear_1,4000,7,pre_disruption,1.0,1136.5747042103133,-30.05303303417485,0.0
TFIDF_LogReg_Calibrated,cd_clear_1,4000,8,pre_disruption,1.0,1066.571132872845,-24.09742412113652,0.0
TFIDF_LogReg_Calibrated,cd_clear_1,4000,9,pre_disruption,1.0,996.5675615353769,-43.913050890862216,0.0
TFIDF_LogReg_Calibrated,cd_clear_1,4000,10,disruption,1.0,746.5639901979087,-37.150621493433675,0.0
TFIDF_LogReg_Calibrated,cd_clear_1,4000,11,disruption,1.0,809.9688753867965,-57.879935165005435,0.0
TFIDF_LogReg_Calibrated,cd_clear_1,4000,12,disruption,1.0,642.0327983626103,-64.76649406562669,0.0
TFIDF_LogReg_Calibrated,cd_clear_1,4000,13,disruption,1.0,321.55506185423815,-72.01266352097423,0.0
TFIDF_LogReg_Calibrated,cd_clear_1,4000,14,disruption,1.0,251.55149051676995,121.80813963533068,0.0
TFIDF_LogReg_Calibrated,cd_clear_1,4000,15,disruption,1.0,361.54791917930174,305.9330449948878,0.0
TFIDF_LogReg_Calibrated,cd_clear_1,4000,16,disruption,1.0,661.9448092042883,-48.69863187050261,0.0
TFIDF_LogReg_Calibrated,cd_clear_1,4000,17,disruption,1.0,615.077729429498,-63.976067851436525,0.0
TFIDF_LogReg_Calibrated,cd_clear_1,4000,18,disruption,1.0,513.0020379104985,130.13955247580964,0.0
TFIDF_LogReg_Calibrated,cd_clear_1,4000,19,disruption,1.0,401.54791917930174,126.5091397022956,0.0
TFIDF_LogReg_Calibrated,cd_clear_1,4000,20,disruption,1.0,511.53720516689714,140.2611438349427,0.0
TFIDF_LogReg_Calibrated,cd_clear_1,4000,21,disruption,1.0,696.535419498163,133.2210627887424,0.0
TFIDF_LogReg_Calibrated,cd_clear_1,4000,22,disruption,1.0,690.0723724232957,-47.09859909022915,0.0
TFIDF_LogReg_Calibrated,cd_clear_1,4000,23,disruption,1.0,746.5247054857584,134.55454450352045,0.0
TFIDF_LogReg_Calibrated,cd_clear_1,4000,24,disruption,1.0,510.7298265833035,-41.72786164868569,0.0
TFIDF_LogReg_Calibrated,cd_clear_1,4000,25,post_disruption,1.0,498.58505712410397,319.63929193536546,0.0
TFIDF_LogReg_Calibrated,cd_clear_1,4000,26,post_disruption,1.0,757.1059390306298,-30.892479757450374,0.0
TFIDF_LogReg_Calibrated,cd_clear_1,4000,27,post_disruption,1.0,1068.7064108479442,142.03727634580508,0.0
TFIDF_LogReg_Calibrated,cd_clear_1,4000,28,post_disruption,1.0,872.2469351105451,-39.84475257275835,0.0
TFIDF_LogReg_Calibrated,cd_clear_1,4000,29,post_disruption,1.0,681.4979204547469,333.434410780437,0.0
