template_id,ambiguity_level,interpreter_mode,predicted_event_type,true_event_type,predicted_probability,predicted_lt_increase,predicted_duration,true_lt_increase,true_duration,event_type_correct,lead_time_error,duration_error
clear_1,clear,MOCK_LLM_LLM,supply_disruption,supply_disruption,0.8000,3,8,3,8,True,0,0
clear_1,clear,MOCK_LLM_ActiveWrong,supply_disruption,supply_disruption,0.8500,1,4,3,8,True,2,4
clear_1,clear,MOCK_LLM_ActiveWrongOver,supply_disruption,supply_disruption,0.9500,6,12,3,8,True,3,4
clear_2,clear,MOCK_LLM_LLM,supply_disruption,supply_disruption,0.9500,3,8,3,8,True,0,0
clear_2,clear,MOCK_LLM_ActiveWrong,supply_disruption,supply_disruption,0.9500,1,4,3,8,True,2,4
clear_2,clear,MOCK_LLM_ActiveWrongOver,supply_disruption,supply_disruption,0.9500,6,12,3,8,True,3,4
clear_3,clear,MOCK_LLM_LLM,supply_disruption,supply_disruption,0.9500,3,8,3,8,True,0,0
clear_3,clear,MOCK_LLM_ActiveWrong,supply_disruption,supply_disruption,0.9500,1,4,3,8,True,2,4
clear_3,clear,MOCK_LLM_ActiveWrongOver,supply_disruption,supply_disruption,0.9500,6,12,3,8,True,3,4
moderate_1,moderate,MOCK_LLM_LLM,supply_disruption,supply_disruption,0.7500,2,6,3,8,True,1,2
moderate_1,moderate,MOCK_LLM_ActiveWrong,supply_disruption,supply_disruption,0.8500,1,2,3,8,True,2,6
moderate_1,moderate,MOCK_LLM_ActiveWrongOver,supply_disruption,supply_disruption,0.9500,5,10,3,8,True,2,2
moderate_2,moderate,MOCK_LLM_LLM,supply_disruption,supply_disruption,0.8000,2,6,3,8,True,1,2
moderate_2,moderate,MOCK_LLM_ActiveWrong,supply_disruption,supply_disruption,0.8500,1,2,3,8,True,2,6
moderate_2,moderate,MOCK_LLM_ActiveWrongOver,supply_disruption,supply_disruption,0.9500,5,10,3,8,True,2,2
moderate_3,moderate,MOCK_LLM_LLM,supply_disruption,supply_disruption,0.6500,1,4,3,8,True,2,4
moderate_3,moderate,MOCK_LLM_ActiveWrong,supply_disruption,supply_disruption,0.8500,1,2,3,8,True,2,6
moderate_3,moderate,MOCK_LLM_ActiveWrongOver,supply_disruption,supply_disruption,0.9500,4,8,3,8,True,1,0
moderate_4,moderate,MOCK_LLM_LLM,supply_disruption,supply_disruption,0.6500,3,6,3,8,True,0,2
moderate_4,moderate,MOCK_LLM_ActiveWrong,supply_disruption,supply_disruption,0.8500,1,2,3,8,True,2,6
moderate_4,moderate,MOCK_LLM_ActiveWrongOver,supply_disruption,supply_disruption,0.9500,6,10,3,8,True,3,2
vague_1,vague,MOCK_LLM_LLM,supply_disruption,supply_disruption,0.4500,1,6,3,8,True,2,2
vague_1,vague,MOCK_LLM_ActiveWrong,supply_disruption,supply_disruption,0.8500,1,2,3,8,True,2,6
vague_1,vague,MOCK_LLM_ActiveWrongOver,supply_disruption,supply_disruption,0.9500,4,10,3,8,True,1,2
vague_2,vague,MOCK_LLM_LLM,supply_disruption,supply_disruption,0.4500,1,4,3,8,True,2,4
vague_2,vague,MOCK_LLM_ActiveWrong,supply_disruption,supply_disruption,0.8500,1,2,3,8,True,2,6
vague_2,vague,MOCK_LLM_ActiveWrongOver,supply_disruption,supply_disruption,0.9500,4,8,3,8,True,1,0
vague_3,vague,MOCK_LLM_LLM,supply_disruption,supply_disruption,0.5500,1,4,3,8,True,2,4
vague_3,vague,MOCK_LLM_ActiveWrong,supply_disruption,supply_disruption,0.8500,1,2,3,8,True,2,6
vague_3,vague,MOCK_LLM_ActiveWrongOver,supply_disruption,supply_disruption,0.9500,4,8,3,8,True,1,0
vague_4,vague,MOCK_LLM_LLM,supply_disruption,supply_disruption,0.4500,2,4,3,8,True,1,4
vague_4,vague,MOCK_LLM_ActiveWrong,supply_disruption,supply_disruption,0.8500,1,2,3,8,True,2,6
vague_4,vague,MOCK_LLM_ActiveWrongOver,supply_disruption,supply_disruption,0.9500,5,8,3,8,True,2,0
