phase,variant,declared_prior,prior_note,observed_regime_mix,observed_regime_proportions,template_count,template_mix,regime_template_counts,episode_count,primary_aggregation,secondary_aggregation
Phase 5.5,baseline,"{""demand_surge"": 0.3, ""normal"": 0.35, ""supplier_delay"": 0.35}",REGIME_PRIOR in src/events.py; capacity-drop mass is zero and absent,"{""demand_surge"": 540, ""normal"": 540, ""supplier_delay"": 540}","{""demand_surge"": 0.3333333333333333, ""normal"": 0.3333333333333333, ""supplier_delay"": 0.3333333333333333}",18,"{""delay_clear_1"": 90, ""delay_clear_2"": 90, ""delay_moderate_1"": 90, ""delay_moderate_2"": 90, ""delay_vague_1"": 90, ""delay_vague_2"": 90, ""normal_clear_1"": 90, ""normal_clear_2"": 90, ""normal_moderate_1"": 90, ""normal_moderate_2"": 90, ""normal_vague_1"": 90, ""normal_vague_2"": 90, ""surge_clear_1"": 90, ""surge_clear_2"": 90, ""surge_moderate_1"": 90, ""surge_moderate_2"": 90, ""surge_vague_1"": 90, ""surge_vague_2"": 90}","{""demand_surge|surge_clear_1"": 90, ""demand_surge|surge_clear_2"": 90, ""demand_surge|surge_moderate_1"": 90, ""demand_surge|surge_moderate_2"": 90, ""demand_surge|surge_vague_1"": 90, ""demand_surge|surge_vague_2"": 90, ""normal|normal_clear_1"": 90, ""normal|normal_clear_2"": 90, ""normal|normal_moderate_1"": 90, ""normal|normal_moderate_2"": 90, ""normal|normal_vague_1"": 90, ""normal|normal_vague_2"": 90, ""supplier_delay|delay_clear_1"": 90, ""supplier_delay|delay_clear_2"": 90, ""supplier_delay|delay_moderate_1"": 90, ""supplier_delay|delay_moderate_2"": 90, ""supplier_delay|delay_vague_1"": 90, ""supplier_delay|delay_vague_2"": 90}",1620,equal regime -> equal template family -> equal variant -> equal paired seed,declared/code-executed prior over regimes; equal family/variant/seed within regime
Phase 6,baseline,"{""demand_surge"": 0.3, ""normal"": 0.35, ""supplier_delay"": 0.35}",REGIME_PRIOR in src/events.py; saved file has 20 seeds,"{""demand_surge"": 1440, ""normal"": 1440, ""supplier_delay"": 1440}","{""demand_surge"": 0.3333333333333333, ""normal"": 0.3333333333333333, ""supplier_delay"": 0.3333333333333333}",36,"{""cd_clear_1"": 120, ""cd_clear_2"": 120, ""cd_clear_3"": 120, ""cd_clear_4"": 120, ""cd_moderate_1"": 120, ""cd_moderate_2"": 120, ""cd_moderate_3"": 120, ""cd_moderate_4"": 120, ""cd_vague_1"": 120, ""cd_vague_2"": 120, ""cd_vague_3"": 120, ""cd_vague_4"": 120, ""cn_clear_1"": 120, ""cn_clear_2"": 120, ""cn_clear_3"": 120, ""cn_clear_4"": 120, ""cn_moderate_1"": 120, ""cn_moderate_2"": 120, ""cn_moderate_3"": 120, ""cn_moderate_4"": 120, ""cn_vague_1"": 120, ""cn_vague_2"": 120, ""cn_vague_3"": 120, ""cn_vague_4"": 120, ""cs_clear_1"": 120, ""cs_clear_2"": 120, ""cs_clear_3"": 120, ""cs_clear_4"": 120, ""cs_moderate_1"": 120, ""cs_moderate_2"": 120, ""cs_moderate_3"": 120, ""cs_moderate_4"": 120, ""cs_vague_1"": 120, ""cs_vague_2"": 120, ""cs_vague_3"": 120, ""cs_vague_4"": 120}","{""demand_surge|cs_clear_1"": 120, ""demand_surge|cs_clear_2"": 120, ""demand_surge|cs_clear_3"": 120, ""demand_surge|cs_clear_4"": 120, ""demand_surge|cs_moderate_1"": 120, ""demand_surge|cs_moderate_2"": 120, ""demand_surge|cs_moderate_3"": 120, ""demand_surge|cs_moderate_4"": 120, ""demand_surge|cs_vague_1"": 120, ""demand_surge|cs_vague_2"": 120, ""demand_surge|cs_vague_3"": 120, ""demand_surge|cs_vague_4"": 120, ""normal|cn_clear_1"": 120, ""normal|cn_clear_2"": 120, ""normal|cn_clear_3"": 120, ""normal|cn_clear_4"": 120, ""normal|cn_moderate_1"": 120, ""normal|cn_moderate_2"": 120, ""normal|cn_moderate_3"": 120, ""normal|cn_moderate_4"": 120, ""normal|cn_vague_1"": 120, ""normal|cn_vague_2"": 120, ""normal|cn_vague_3"": 120, ""normal|cn_vague_4"": 120, ""supplier_delay|cd_clear_1"": 120, ""supplier_delay|cd_clear_2"": 120, ""supplier_delay|cd_clear_3"": 120, ""supplier_delay|cd_clear_4"": 120, ""supplier_delay|cd_moderate_1"": 120, ""supplier_delay|cd_moderate_2"": 120, ""supplier_delay|cd_moderate_3"": 120, ""supplier_delay|cd_moderate_4"": 120, ""supplier_delay|cd_vague_1"": 120, ""supplier_delay|cd_vague_2"": 120, ""supplier_delay|cd_vague_3"": 120, ""supplier_delay|cd_vague_4"": 120}",4320,equal regime -> equal template family -> equal variant -> equal paired seed,declared/code-executed prior over regimes; equal family/variant/seed within regime
Phase 7,baseline,"{""demand_surge"": 0.3, ""normal"": 0.35, ""supplier_delay"": 0.35}",REGIME_PRIOR in src/events.py,"{""demand_surge"": 1200, ""normal"": 1200, ""supplier_delay"": 1200}","{""demand_surge"": 0.3333333333333333, ""normal"": 0.3333333333333333, ""supplier_delay"": 0.3333333333333333}",36,"{""cd_clear_1"": 100, ""cd_clear_2"": 100, ""cd_clear_3"": 100, ""cd_clear_4"": 100, ""cd_moderate_1"": 100, ""cd_moderate_2"": 100, ""cd_moderate_3"": 100, ""cd_moderate_4"": 100, ""cd_vague_1"": 100, ""cd_vague_2"": 100, ""cd_vague_3"": 100, ""cd_vague_4"": 100, ""cn_clear_1"": 100, ""cn_clear_2"": 100, ""cn_clear_3"": 100, ""cn_clear_4"": 100, ""cn_moderate_1"": 100, ""cn_moderate_2"": 100, ""cn_moderate_3"": 100, ""cn_moderate_4"": 100, ""cn_vague_1"": 100, ""cn_vague_2"": 100, ""cn_vague_3"": 100, ""cn_vague_4"": 100, ""cs_clear_1"": 100, ""cs_clear_2"": 100, ""cs_clear_3"": 100, ""cs_clear_4"": 100, ""cs_moderate_1"": 100, ""cs_moderate_2"": 100, ""cs_moderate_3"": 100, ""cs_moderate_4"": 100, ""cs_vague_1"": 100, ""cs_vague_2"": 100, ""cs_vague_3"": 100, ""cs_vague_4"": 100}","{""demand_surge|cs_clear_1"": 100, ""demand_surge|cs_clear_2"": 100, ""demand_surge|cs_clear_3"": 100, ""demand_surge|cs_clear_4"": 100, ""demand_surge|cs_moderate_1"": 100, ""demand_surge|cs_moderate_2"": 100, ""demand_surge|cs_moderate_3"": 100, ""demand_surge|cs_moderate_4"": 100, ""demand_surge|cs_vague_1"": 100, ""demand_surge|cs_vague_2"": 100, ""demand_surge|cs_vague_3"": 100, ""demand_surge|cs_vague_4"": 100, ""normal|cn_clear_1"": 100, ""normal|cn_clear_2"": 100, ""normal|cn_clear_3"": 100, ""normal|cn_clear_4"": 100, ""normal|cn_moderate_1"": 100, ""normal|cn_moderate_2"": 100, ""normal|cn_moderate_3"": 100, ""normal|cn_moderate_4"": 100, ""normal|cn_vague_1"": 100, ""normal|cn_vague_2"": 100, ""normal|cn_vague_3"": 100, ""normal|cn_vague_4"": 100, ""supplier_delay|cd_clear_1"": 100, ""supplier_delay|cd_clear_2"": 100, ""supplier_delay|cd_clear_3"": 100, ""supplier_delay|cd_clear_4"": 100, ""supplier_delay|cd_moderate_1"": 100, ""supplier_delay|cd_moderate_2"": 100, ""supplier_delay|cd_moderate_3"": 100, ""supplier_delay|cd_moderate_4"": 100, ""supplier_delay|cd_vague_1"": 100, ""supplier_delay|cd_vague_2"": 100, ""supplier_delay|cd_vague_3"": 100, ""supplier_delay|cd_vague_4"": 100}",3600,equal regime -> equal template family -> equal variant -> equal paired seed,declared/code-executed prior over regimes; equal family/variant/seed within regime
Phase 8A,baseline,"{""demand_surge"": 0.3, ""normal"": 0.7}",get_no_info_probs in src/gym_adapter.py; exploratory phase,"{""demand_surge"": 600, ""normal"": 600}","{""demand_surge"": 0.5, ""normal"": 0.5}",12,"{""normal_clear_1"": 100, ""normal_clear_2"": 100, ""normal_moderate_1"": 100, ""normal_moderate_2"": 100, ""normal_vague_1"": 100, ""normal_vague_2"": 100, ""surge_clear_1"": 100, ""surge_clear_2"": 100, ""surge_moderate_1"": 100, ""surge_moderate_2"": 100, ""surge_vague_1"": 100, ""surge_vague_2"": 100}","{""demand_surge|surge_clear_1"": 100, ""demand_surge|surge_clear_2"": 100, ""demand_surge|surge_moderate_1"": 100, ""demand_surge|surge_moderate_2"": 100, ""demand_surge|surge_vague_1"": 100, ""demand_surge|surge_vague_2"": 100, ""normal|normal_clear_1"": 100, ""normal|normal_clear_2"": 100, ""normal|normal_moderate_1"": 100, ""normal|normal_moderate_2"": 100, ""normal|normal_vague_1"": 100, ""normal|normal_vague_2"": 100}",1200,equal regime -> equal template family -> equal variant -> equal paired seed,declared/code-executed prior over regimes; equal family/variant/seed within regime
Phase 8B,baseline,"{""demand_surge"": 0.3, ""normal"": 0.7}",get_no_info_probs in src/gym_adapter.py,"{""demand_surge"": 2160, ""normal"": 2160}","{""demand_surge"": 0.5, ""normal"": 0.5}",24,"{""cn_clear_1"": 180, ""cn_clear_2"": 180, ""cn_clear_3"": 180, ""cn_clear_4"": 180, ""cn_moderate_1"": 180, ""cn_moderate_2"": 180, ""cn_moderate_3"": 180, ""cn_moderate_4"": 180, ""cn_vague_1"": 180, ""cn_vague_2"": 180, ""cn_vague_3"": 180, ""cn_vague_4"": 180, ""cs_clear_1"": 180, ""cs_clear_2"": 180, ""cs_clear_3"": 180, ""cs_clear_4"": 180, ""cs_moderate_1"": 180, ""cs_moderate_2"": 180, ""cs_moderate_3"": 180, ""cs_moderate_4"": 180, ""cs_vague_1"": 180, ""cs_vague_2"": 180, ""cs_vague_3"": 180, ""cs_vague_4"": 180}","{""demand_surge|cs_clear_1"": 180, ""demand_surge|cs_clear_2"": 180, ""demand_surge|cs_clear_3"": 180, ""demand_surge|cs_clear_4"": 180, ""demand_surge|cs_moderate_1"": 180, ""demand_surge|cs_moderate_2"": 180, ""demand_surge|cs_moderate_3"": 180, ""demand_surge|cs_moderate_4"": 180, ""demand_surge|cs_vague_1"": 180, ""demand_surge|cs_vague_2"": 180, ""demand_surge|cs_vague_3"": 180, ""demand_surge|cs_vague_4"": 180, ""normal|cn_clear_1"": 180, ""normal|cn_clear_2"": 180, ""normal|cn_clear_3"": 180, ""normal|cn_clear_4"": 180, ""normal|cn_moderate_1"": 180, ""normal|cn_moderate_2"": 180, ""normal|cn_moderate_3"": 180, ""normal|cn_moderate_4"": 180, ""normal|cn_vague_1"": 180, ""normal|cn_vague_2"": 180, ""normal|cn_vague_3"": 180, ""normal|cn_vague_4"": 180}",4320,equal regime -> equal template family -> equal variant -> equal paired seed,declared/code-executed prior over regimes; equal family/variant/seed within regime
Phase 9A,baseline,"{""normal"": 0.5, ""supplier_capacity_drop"": 0.5}",code-executed get_no_info_probs_9; no separate deployment prior declared,"{""normal"": 1080, ""supplier_capacity_drop"": 1800}","{""normal"": 0.375, ""supplier_capacity_drop"": 0.625}",16,"{""cd_clear_1"": 180, ""cd_clear_2"": 180, ""cd_clear_3"": 180, ""cd_moderate_1"": 180, ""cd_moderate_2"": 180, ""cd_moderate_3"": 180, ""cd_moderate_4"": 180, ""cd_vague_1"": 180, ""cd_vague_2"": 180, ""cd_vague_3"": 180, ""cn_clear_1"": 180, ""cn_clear_2"": 180, ""cn_moderate_1"": 180, ""cn_moderate_2"": 180, ""cn_vague_1"": 180, ""cn_vague_2"": 180}","{""normal|cn_clear_1"": 180, ""normal|cn_clear_2"": 180, ""normal|cn_moderate_1"": 180, ""normal|cn_moderate_2"": 180, ""normal|cn_vague_1"": 180, ""normal|cn_vague_2"": 180, ""supplier_capacity_drop|cd_clear_1"": 180, ""supplier_capacity_drop|cd_clear_2"": 180, ""supplier_capacity_drop|cd_clear_3"": 180, ""supplier_capacity_drop|cd_moderate_1"": 180, ""supplier_capacity_drop|cd_moderate_2"": 180, ""supplier_capacity_drop|cd_moderate_3"": 180, ""supplier_capacity_drop|cd_moderate_4"": 180, ""supplier_capacity_drop|cd_vague_1"": 180, ""supplier_capacity_drop|cd_vague_2"": 180, ""supplier_capacity_drop|cd_vague_3"": 180}",2880,equal regime -> equal template family -> equal variant -> equal paired seed,declared/code-executed prior over regimes; equal family/variant/seed within regime
Phase 9B,baseline,"{""supplier_capacity_drop"": 1.0}",conditional single-regime robustness analysis,"{""supplier_capacity_drop"": 960}","{""supplier_capacity_drop"": 1.0}",16,"{""cd_clear_1"": 60, ""cd_clear_2"": 60, ""cd_clear_3"": 60, ""cd_moderate_1"": 60, ""cd_moderate_2"": 60, ""cd_moderate_3"": 60, ""cd_moderate_4"": 60, ""cd_vague_1"": 60, ""cd_vague_2"": 60, ""cd_vague_3"": 60, ""cn_clear_1"": 60, ""cn_clear_2"": 60, ""cn_moderate_1"": 60, ""cn_moderate_2"": 60, ""cn_vague_1"": 60, ""cn_vague_2"": 60}","{""supplier_capacity_drop|cd_clear_1"": 60, ""supplier_capacity_drop|cd_clear_2"": 60, ""supplier_capacity_drop|cd_clear_3"": 60, ""supplier_capacity_drop|cd_moderate_1"": 60, ""supplier_capacity_drop|cd_moderate_2"": 60, ""supplier_capacity_drop|cd_moderate_3"": 60, ""supplier_capacity_drop|cd_moderate_4"": 60, ""supplier_capacity_drop|cd_vague_1"": 60, ""supplier_capacity_drop|cd_vague_2"": 60, ""supplier_capacity_drop|cd_vague_3"": 60, ""supplier_capacity_drop|cn_clear_1"": 60, ""supplier_capacity_drop|cn_clear_2"": 60, ""supplier_capacity_drop|cn_moderate_1"": 60, ""supplier_capacity_drop|cn_moderate_2"": 60, ""supplier_capacity_drop|cn_vague_1"": 60, ""supplier_capacity_drop|cn_vague_2"": 60}",960,equal regime -> equal template family -> equal variant -> equal paired seed,declared/code-executed prior over regimes; equal family/variant/seed within regime
Phase 9B,short_lead,"{""supplier_capacity_drop"": 1.0}",conditional single-regime robustness analysis,"{""supplier_capacity_drop"": 960}","{""supplier_capacity_drop"": 1.0}",16,"{""cd_clear_1"": 60, ""cd_clear_2"": 60, ""cd_clear_3"": 60, ""cd_moderate_1"": 60, ""cd_moderate_2"": 60, ""cd_moderate_3"": 60, ""cd_moderate_4"": 60, ""cd_vague_1"": 60, ""cd_vague_2"": 60, ""cd_vague_3"": 60, ""cn_clear_1"": 60, ""cn_clear_2"": 60, ""cn_moderate_1"": 60, ""cn_moderate_2"": 60, ""cn_vague_1"": 60, ""cn_vague_2"": 60}","{""supplier_capacity_drop|cd_clear_1"": 60, ""supplier_capacity_drop|cd_clear_2"": 60, ""supplier_capacity_drop|cd_clear_3"": 60, ""supplier_capacity_drop|cd_moderate_1"": 60, ""supplier_capacity_drop|cd_moderate_2"": 60, ""supplier_capacity_drop|cd_moderate_3"": 60, ""supplier_capacity_drop|cd_moderate_4"": 60, ""supplier_capacity_drop|cd_vague_1"": 60, ""supplier_capacity_drop|cd_vague_2"": 60, ""supplier_capacity_drop|cd_vague_3"": 60, ""supplier_capacity_drop|cn_clear_1"": 60, ""supplier_capacity_drop|cn_clear_2"": 60, ""supplier_capacity_drop|cn_moderate_1"": 60, ""supplier_capacity_drop|cn_moderate_2"": 60, ""supplier_capacity_drop|cn_vague_1"": 60, ""supplier_capacity_drop|cn_vague_2"": 60}",960,equal regime -> equal template family -> equal variant -> equal paired seed,declared/code-executed prior over regimes; equal family/variant/seed within regime
Phase 9B,long_lead,"{""supplier_capacity_drop"": 1.0}",conditional single-regime robustness analysis,"{""supplier_capacity_drop"": 960}","{""supplier_capacity_drop"": 1.0}",16,"{""cd_clear_1"": 60, ""cd_clear_2"": 60, ""cd_clear_3"": 60, ""cd_moderate_1"": 60, ""cd_moderate_2"": 60, ""cd_moderate_3"": 60, ""cd_moderate_4"": 60, ""cd_vague_1"": 60, ""cd_vague_2"": 60, ""cd_vague_3"": 60, ""cn_clear_1"": 60, ""cn_clear_2"": 60, ""cn_moderate_1"": 60, ""cn_moderate_2"": 60, ""cn_vague_1"": 60, ""cn_vague_2"": 60}","{""supplier_capacity_drop|cd_clear_1"": 60, ""supplier_capacity_drop|cd_clear_2"": 60, ""supplier_capacity_drop|cd_clear_3"": 60, ""supplier_capacity_drop|cd_moderate_1"": 60, ""supplier_capacity_drop|cd_moderate_2"": 60, ""supplier_capacity_drop|cd_moderate_3"": 60, ""supplier_capacity_drop|cd_moderate_4"": 60, ""supplier_capacity_drop|cd_vague_1"": 60, ""supplier_capacity_drop|cd_vague_2"": 60, ""supplier_capacity_drop|cd_vague_3"": 60, ""supplier_capacity_drop|cn_clear_1"": 60, ""supplier_capacity_drop|cn_clear_2"": 60, ""supplier_capacity_drop|cn_moderate_1"": 60, ""supplier_capacity_drop|cn_moderate_2"": 60, ""supplier_capacity_drop|cn_vague_1"": 60, ""supplier_capacity_drop|cn_vague_2"": 60}",960,equal regime -> equal template family -> equal variant -> equal paired seed,declared/code-executed prior over regimes; equal family/variant/seed within regime
Phase 9B,lost_sales,"{""supplier_capacity_drop"": 1.0}",conditional single-regime robustness analysis,"{""supplier_capacity_drop"": 960}","{""supplier_capacity_drop"": 1.0}",16,"{""cd_clear_1"": 60, ""cd_clear_2"": 60, ""cd_clear_3"": 60, ""cd_moderate_1"": 60, ""cd_moderate_2"": 60, ""cd_moderate_3"": 60, ""cd_moderate_4"": 60, ""cd_vague_1"": 60, ""cd_vague_2"": 60, ""cd_vague_3"": 60, ""cn_clear_1"": 60, ""cn_clear_2"": 60, ""cn_moderate_1"": 60, ""cn_moderate_2"": 60, ""cn_vague_1"": 60, ""cn_vague_2"": 60}","{""supplier_capacity_drop|cd_clear_1"": 60, ""supplier_capacity_drop|cd_clear_2"": 60, ""supplier_capacity_drop|cd_clear_3"": 60, ""supplier_capacity_drop|cd_moderate_1"": 60, ""supplier_capacity_drop|cd_moderate_2"": 60, ""supplier_capacity_drop|cd_moderate_3"": 60, ""supplier_capacity_drop|cd_moderate_4"": 60, ""supplier_capacity_drop|cd_vague_1"": 60, ""supplier_capacity_drop|cd_vague_2"": 60, ""supplier_capacity_drop|cd_vague_3"": 60, ""supplier_capacity_drop|cn_clear_1"": 60, ""supplier_capacity_drop|cn_clear_2"": 60, ""supplier_capacity_drop|cn_moderate_1"": 60, ""supplier_capacity_drop|cn_moderate_2"": 60, ""supplier_capacity_drop|cn_vague_1"": 60, ""supplier_capacity_drop|cn_vague_2"": 60}",960,equal regime -> equal template family -> equal variant -> equal paired seed,declared/code-executed prior over regimes; equal family/variant/seed within regime
Phase 9B,low_noise,"{""supplier_capacity_drop"": 1.0}",conditional single-regime robustness analysis,"{""supplier_capacity_drop"": 960}","{""supplier_capacity_drop"": 1.0}",16,"{""cd_clear_1"": 60, ""cd_clear_2"": 60, ""cd_clear_3"": 60, ""cd_moderate_1"": 60, ""cd_moderate_2"": 60, ""cd_moderate_3"": 60, ""cd_moderate_4"": 60, ""cd_vague_1"": 60, ""cd_vague_2"": 60, ""cd_vague_3"": 60, ""cn_clear_1"": 60, ""cn_clear_2"": 60, ""cn_moderate_1"": 60, ""cn_moderate_2"": 60, ""cn_vague_1"": 60, ""cn_vague_2"": 60}","{""supplier_capacity_drop|cd_clear_1"": 60, ""supplier_capacity_drop|cd_clear_2"": 60, ""supplier_capacity_drop|cd_clear_3"": 60, ""supplier_capacity_drop|cd_moderate_1"": 60, ""supplier_capacity_drop|cd_moderate_2"": 60, ""supplier_capacity_drop|cd_moderate_3"": 60, ""supplier_capacity_drop|cd_moderate_4"": 60, ""supplier_capacity_drop|cd_vague_1"": 60, ""supplier_capacity_drop|cd_vague_2"": 60, ""supplier_capacity_drop|cd_vague_3"": 60, ""supplier_capacity_drop|cn_clear_1"": 60, ""supplier_capacity_drop|cn_clear_2"": 60, ""supplier_capacity_drop|cn_moderate_1"": 60, ""supplier_capacity_drop|cn_moderate_2"": 60, ""supplier_capacity_drop|cn_vague_1"": 60, ""supplier_capacity_drop|cn_vague_2"": 60}",960,equal regime -> equal template family -> equal variant -> equal paired seed,declared/code-executed prior over regimes; equal family/variant/seed within regime
Phase 9B,high_noise,"{""supplier_capacity_drop"": 1.0}",conditional single-regime robustness analysis,"{""supplier_capacity_drop"": 960}","{""supplier_capacity_drop"": 1.0}",16,"{""cd_clear_1"": 60, ""cd_clear_2"": 60, ""cd_clear_3"": 60, ""cd_moderate_1"": 60, ""cd_moderate_2"": 60, ""cd_moderate_3"": 60, ""cd_moderate_4"": 60, ""cd_vague_1"": 60, ""cd_vague_2"": 60, ""cd_vague_3"": 60, ""cn_clear_1"": 60, ""cn_clear_2"": 60, ""cn_moderate_1"": 60, ""cn_moderate_2"": 60, ""cn_vague_1"": 60, ""cn_vague_2"": 60}","{""supplier_capacity_drop|cd_clear_1"": 60, ""supplier_capacity_drop|cd_clear_2"": 60, ""supplier_capacity_drop|cd_clear_3"": 60, ""supplier_capacity_drop|cd_moderate_1"": 60, ""supplier_capacity_drop|cd_moderate_2"": 60, ""supplier_capacity_drop|cd_moderate_3"": 60, ""supplier_capacity_drop|cd_moderate_4"": 60, ""supplier_capacity_drop|cd_vague_1"": 60, ""supplier_capacity_drop|cd_vague_2"": 60, ""supplier_capacity_drop|cd_vague_3"": 60, ""supplier_capacity_drop|cn_clear_1"": 60, ""supplier_capacity_drop|cn_clear_2"": 60, ""supplier_capacity_drop|cn_moderate_1"": 60, ""supplier_capacity_drop|cn_moderate_2"": 60, ""supplier_capacity_drop|cn_vague_1"": 60, ""supplier_capacity_drop|cn_vague_2"": 60}",960,equal regime -> equal template family -> equal variant -> equal paired seed,declared/code-executed prior over regimes; equal family/variant/seed within regime
